gender,SeniorCitizen,Partner,Dependents,tenure,PhoneService,MultipleLines,InternetService,OnlineSecurity,OnlineBackup,DeviceProtection,TechSupport,StreamingTV,StreamingMovies,Contract,PaperlessBilling,PaymentMethod,MonthlyCharges,TotalCharges,charges_per_tenure_month,estimated_tenure_value,tenure_bucket,active_service_count,electronic_payment,actual_churn,predicted_churn,probability,error_type,borderline_probability
Male,0,Yes,Yes,72,Yes,Yes,Fiber optic,Yes,Yes,Yes,Yes,Yes,Yes,Two year,Yes,Credit card (automatic),114.05,8468.2,117.6138888888889,8211.6,49-72,6,0,0,0,0.10991398235770755,correct,False
Female,1,No,No,8,Yes,Yes,Fiber optic,No,No,No,Yes,Yes,Yes,Month-to-month,Yes,Credit card (automatic),100.15,908.55,113.56875,801.2,7-12,3,0,0,1,0.8466461239836952,false_positive,False
Female,0,Yes,Yes,41,Yes,Yes,DSL,Yes,Yes,Yes,No,Yes,No,One year,Yes,Credit card (automatic),78.35,3211.2,78.32195121951219,3212.35,25-48,4,0,0,0,0.14239238203287458,correct,False
Male,0,Yes,No,18,Yes,No,Fiber optic,No,No,Yes,Yes,No,No,Month-to-month,No,Electronic check,78.2,1468.75,81.59722222222223,1407.6000000000001,13-24,2,1,0,1,0.5940948272407465,false_positive,True
Female,0,Yes,No,72,Yes,Yes,DSL,Yes,Yes,Yes,No,Yes,Yes,Two year,Yes,Credit card (automatic),82.65,5919.35,82.21319444444445,5950.8,49-72,5,0,0,0,0.07517915570330494,correct,False
Female,0,No,No,21,Yes,Yes,Fiber optic,No,Yes,No,No,Yes,Yes,Month-to-month,Yes,Credit card (automatic),99.85,1992.55,94.88333333333333,2096.85,13-24,3,0,0,1,0.7783637411812709,false_positive,False
Female,0,No,No,21,Yes,No,Fiber optic,No,Yes,No,Yes,Yes,Yes,Month-to-month,Yes,Bank transfer (automatic),99.15,1956.4,93.16190476190476,2082.15,13-24,4,0,0,1,0.6576871583401107,false_positive,False
Male,0,No,Yes,19,Yes,Yes,No,No internet service,No internet service,No internet service,No internet service,No internet service,No internet service,Month-to-month,Yes,Credit card (automatic),24.1,439.2,23.11578947368421,457.90000000000003,13-24,0,0,0,0,0.2516812425259256,correct,False
Female,0,Yes,Yes,61,Yes,No,No,No internet service,No internet service,No internet service,No internet service,No internet service,No internet service,Two year,No,Credit card (automatic),19.75,1311.6,21.501639344262294,1204.75,49-72,0,0,0,0,0.015580587883868567,correct,False
Male,1,No,No,17,Yes,No,DSL,No,No,No,No,No,No,Month-to-month,Yes,Electronic check,45.05,770.6,45.32941176470588,765.8499999999999,13-24,0,1,1,1,0.5509497253905429,correct,True
Male,0,Yes,Yes,70,Yes,Yes,Fiber optic,Yes,Yes,No,No,Yes,Yes,Month-to-month,Yes,Electronic check,106.05,7554.05,107.915,7423.5,49-72,4,1,0,1,0.5432461425721541,false_positive,True
Female,1,Yes,No,72,Yes,Yes,Fiber optic,Yes,Yes,Yes,Yes,Yes,Yes,Two year,Yes,Bank transfer (automatic),114.85,8317.95,115.52708333333334,8269.199999999999,49-72,6,0,0,0,0.14378968548624396,correct,False
Male,0,No,No,49,No,No phone service,DSL,No,No,Yes,No,No,No,Month-to-month,Yes,Bank transfer (automatic),30.2,1453.1,29.655102040816324,1479.8,49-72,1,0,0,0,0.39835072552914147,correct,False
Female,1,No,No,11,Yes,Yes,Fiber optic,No,No,No,No,No,Yes,Month-to-month,Yes,Credit card (automatic),84.8,906.85,82.44090909090909,932.8,7-12,1,0,1,1,0.8400975002880224,correct,False
Female,0,No,Yes,19,Yes,No,DSL,No,No,No,Yes,No,No,Month-to-month,No,Mailed check,48.8,953.65,50.19210526315789,927.1999999999999,13-24,1,0,0,0,0.22705225102412754,correct,False
Male,0,Yes,Yes,72,Yes,Yes,Fiber optic,No,No,No,No,No,Yes,Two year,Yes,Credit card (automatic),84.5,6130.85,85.15069444444445,6084.0,49-72,1,0,0,0,0.16558789958228934,correct,False
Female,0,Yes,Yes,8,Yes,No,No,No internet service,No internet service,No internet service,No internet service,No internet service,No internet service,Two year,No,Bank transfer (automatic),19.5,159.35,19.91875,156.0,7-12,0,0,0,0,0.049052523384318265,correct,False
Male,0,No,Yes,15,Yes,Yes,Fiber optic,No,Yes,No,No,Yes,No,Month-to-month,Yes,Electronic check,91.0,1430.05,95.33666666666666,1365.0,13-24,2,1,0,1,0.7746850427787644,false_positive,False
Female,0,Yes,No,67,Yes,Yes,Fiber optic,No,Yes,Yes,No,Yes,Yes,One year,Yes,Bank transfer (automatic),105.7,6816.95,101.7455223880597,7081.900000000001,49-72,4,0,0,0,0.42132360650037415,correct,True
Female,0,Yes,No,26,No,No phone service,DSL,Yes,No,Yes,No,No,No,One year,No,Credit card (automatic),35.4,978.6,37.63846153846154,920.4,25-48,2,0,0,0,0.17710080897296376,correct,False
Male,1,No,No,2,Yes,Yes,Fiber optic,No,No,No,No,No,No,Month-to-month,Yes,Mailed check,74.85,156.4,78.2,149.7,0-6,0,0,1,1,0.9031284307344519,correct,False
Female,0,Yes,No,21,No,No phone service,DSL,Yes,No,No,No,No,No,Month-to-month,No,Electronic check,28.5,629.35,29.969047619047622,598.5,13-24,1,1,0,0,0.4328597419803775,correct,True
Female,0,Yes,No,49,Yes,No,No,No internet service,No internet service,No internet service,No internet service,No internet service,No internet service,One year,Yes,Bank transfer (automatic),20.05,923.1,18.838775510204083,982.45,49-72,0,0,0,0,0.08024896881551827,correct,False
Male,0,Yes,Yes,21,Yes,No,No,No internet service,No internet service,No internet service,No internet service,No internet service,No internet service,One year,No,Mailed check,19.8,350.1,16.67142857142857,415.8,13-24,0,0,0,0,0.07501122498897947,correct,False
Female,0,Yes,No,51,Yes,No,Fiber optic,No,No,No,No,No,No,Month-to-month,No,Mailed check,69.15,3649.6,71.56078431372549,3526.65,49-72,0,0,0,0,0.42404734443283987,correct,True
Male,1,Yes,No,16,Yes,No,DSL,Yes,Yes,No,No,No,No,Month-to-month,Yes,Bank transfer (automatic),54.55,825.1,51.56875,872.8,13-24,2,0,0,0,0.35410393660277417,correct,False
Female,0,No,No,22,Yes,No,Fiber optic,No,No,No,No,Yes,Yes,Month-to-month,No,Electronic check,89.25,1907.85,86.72045454545454,1963.5,13-24,2,1,1,1,0.7482101838948293,correct,False
Male,0,Yes,No,13,Yes,Yes,Fiber optic,No,No,Yes,No,Yes,Yes,Month-to-month,Yes,Credit card (automatic),102.25,1359.0,104.53846153846153,1329.25,13-24,3,0,1,1,0.8331871581431292,correct,False
Female,0,No,Yes,43,Yes,Yes,No,No internet service,No internet service,No internet service,No internet service,No internet service,No internet service,Two year,Yes,Electronic check,25.1,1070.15,24.887209302325584,1079.3,25-48,0,1,0,0,0.04858505366448479,correct,False
Female,0,No,No,3,Yes,No,Fiber optic,No,No,No,No,Yes,Yes,Month-to-month,Yes,Electronic check,89.45,240.45,80.14999999999999,268.35,0-6,2,1,1,1,0.9372156844544142,correct,False
Male,1,No,No,54,Yes,Yes,Fiber optic,No,Yes,No,No,No,Yes,Month-to-month,Yes,Electronic check,90.05,4931.8,91.32962962962964,4862.7,49-72,2,1,0,1,0.724593248577469,false_positive,False
Male,0,No,Yes,1,No,No phone service,DSL,No,No,No,No,No,No,Month-to-month,No,Mailed check,24.2,24.2,24.2,24.2,0-6,0,0,0,1,0.6850138591230542,false_positive,False
Male,0,Yes,Yes,69,Yes,No,No,No internet service,No internet service,No internet service,No internet service,No internet service,No internet service,One year,Yes,Credit card (automatic),20.55,1403.1,20.33478260869565,1417.95,49-72,0,0,0,0,0.043361753060298026,correct,False
Male,0,No,No,62,Yes,Yes,No,No internet service,No internet service,No internet service,No internet service,No internet service,No internet service,Two year,No,Bank transfer (automatic),23.4,1429.65,23.058870967741935,1450.8,49-72,0,0,0,0,0.025816474554539393,correct,False
Female,0,No,No,2,Yes,No,Fiber optic,No,No,No,No,Yes,Yes,Month-to-month,Yes,Electronic check,90.4,168.2,84.1,180.8,0-6,2,1,1,1,0.9371871577696126,correct,False
Female,1,Yes,Yes,62,Yes,Yes,Fiber optic,No,Yes,Yes,No,No,Yes,Month-to-month,Yes,Credit card (automatic),96.1,6019.35,97.08629032258065,5958.2,49-72,3,0,0,1,0.5477543202135576,false_positive,True
Male,1,No,No,2,Yes,No,DSL,No,No,No,No,No,No,Month-to-month,No,Mailed check,44.95,85.15,42.575,89.9,0-6,0,0,1,1,0.6598336229441104,correct,False
Male,0,Yes,Yes,69,Yes,No,No,No internet service,No internet service,No internet service,No internet service,No internet service,No internet service,Two year,No,Bank transfer (automatic),19.9,1356.7,19.66231884057971,1373.1,49-72,0,0,0,0,0.013115308496226642,correct,False
Female,0,No,No,1,Yes,Yes,Fiber optic,No,No,No,No,No,No,Month-to-month,Yes,Electronic check,74.5,74.5,74.5,74.5,0-6,0,1,1,1,0.9202557239717353,correct,False
Male,0,No,No,31,Yes,No,DSL,No,No,Yes,Yes,No,No,Month-to-month,Yes,Electronic check,55.25,1715.65,55.343548387096774,1712.75,25-48,2,1,1,0,0.3582590394550439,false_negative,False
Male,1,No,No,69,Yes,No,No,No internet service,No internet service,No internet service,No internet service,No internet service,No internet service,Two year,No,Credit card (automatic),20.3,1356.3,19.656521739130433,1400.7,49-72,0,0,0,0,0.018254957469504382,correct,False
Male,0,Yes,No,2,Yes,Yes,Fiber optic,No,No,Yes,No,Yes,No,Month-to-month,Yes,Electronic check,91.45,171.45,85.725,182.9,0-6,2,1,0,1,0.9403384086466637,false_positive,False
Female,0,No,No,33,Yes,No,Fiber optic,No,No,No,No,No,No,Month-to-month,Yes,Bank transfer (automatic),70.4,2406.1,72.9121212121212,2323.2000000000003,25-48,0,0,0,1,0.535899299209732,false_positive,True
Female,0,Yes,No,3,Yes,No,No,No internet service,No internet service,No internet service,No internet service,No internet service,No internet service,Month-to-month,Yes,Mailed check,19.6,55.25,18.416666666666668,58.800000000000004,0-6,0,0,0,0,0.4985742303444247,correct,True
Male,0,No,No,44,Yes,No,DSL,Yes,No,No,Yes,Yes,No,One year,No,Electronic check,65.4,2774.55,63.05795454545455,2877.6000000000004,25-48,3,1,0,0,0.11421083133831483,correct,False
Male,0,No,No,10,Yes,No,Fiber optic,Yes,Yes,Yes,Yes,Yes,Yes,Month-to-month,Yes,Electronic check,110.1,1043.3,104.33,1101.0,7-12,6,1,1,1,0.752909572215371,correct,False
Female,0,No,No,8,Yes,Yes,Fiber optic,No,No,No,No,No,No,Month-to-month,Yes,Electronic check,75.25,576.7,72.0875,602.0,7-12,0,1,0,1,0.8337731256359677,false_positive,False
Male,0,No,No,8,Yes,No,DSL,No,Yes,No,Yes,Yes,No,Month-to-month,Yes,Electronic check,66.65,520.95,65.11875,533.2,7-12,3,1,0,1,0.5610741348802489,false_positive,True
Female,0,Yes,Yes,69,Yes,No,No,No internet service,No internet service,No internet service,No internet service,No internet service,No internet service,One year,Yes,Credit card (automatic),20.35,1442.65,20.907971014492755,1404.15,49-72,0,0,0,0,0.04220931606439669,correct,False
Female,0,No,No,23,Yes,Yes,Fiber optic,No,No,No,No,No,No,Month-to-month,No,Bank transfer (automatic),75.6,1758.6,76.4608695652174,1738.8,13-24,0,0,1,1,0.5886170580486849,correct,True
Male,0,No,No,66,Yes,Yes,No,No internet service,No internet service,No internet service,No internet service,No internet service,No internet service,Two year,No,Mailed check,25.1,1697.7,25.722727272727273,1656.6000000000001,49-72,0,0,0,0,0.02295685197537177,correct,False
Female,0,Yes,Yes,1,Yes,Yes,Fiber optic,Yes,No,Yes,No,Yes,Yes,Month-to-month,Yes,Electronic check,102.45,102.45,102.45,102.45,0-6,4,1,1,1,0.9293582222410398,correct,False
Female,0,No,No,3,Yes,No,No,No internet service,No internet service,No internet service,No internet service,No internet service,No internet service,Month-to-month,No,Mailed check,19.95,58.0,19.333333333333332,59.849999999999994,0-6,0,0,0,0,0.4011508208490957,correct,True
Female,0,No,Yes,5,Yes,No,DSL,No,No,No,Yes,No,No,Month-to-month,Yes,Mailed check,51.0,286.8,57.36,255.0,0-6,1,0,0,1,0.5533917181133139,false_positive,True
Female,0,No,Yes,1,Yes,No,DSL,Yes,No,No,No,No,No,Month-to-month,No,Mailed check,51.2,51.2,51.2,51.2,0-6,1,0,0,0,0.4738482252958929,correct,True
Female,0,No,No,9,Yes,No,Fiber optic,No,No,No,No,Yes,No,Month-to-month,Yes,Bank transfer (automatic),77.65,714.15,79.35,698.85,7-12,1,0,1,1,0.7745956996734042,correct,False
Male,0,Yes,Yes,36,Yes,No,DSL,Yes,No,Yes,No,No,Yes,One year,Yes,Credit card (automatic),63.7,2188.5,60.791666666666664,2293.2000000000003,25-48,3,0,0,0,0.15559262975805077,correct,False
Male,0,Yes,Yes,68,Yes,Yes,Fiber optic,Yes,Yes,No,No,No,No,One year,Yes,Bank transfer (automatic),85.5,5696.6,83.77352941176471,5814.0,49-72,2,0,0,0,0.18296994680725703,correct,False
Female,0,Yes,Yes,35,No,No phone service,DSL,No,No,No,Yes,Yes,No,One year,No,Mailed check,40.9,1383.6,39.53142857142857,1431.5,25-48,2,0,0,0,0.165596541556256,correct,False
Male,0,Yes,Yes,60,Yes,No,No,No internet service,No internet service,No internet service,No internet service,No internet service,No internet service,Two year,No,Mailed check,20.55,1205.05,20.084166666666665,1233.0,49-72,0,0,0,0,0.016179619732589065,correct,False
Female,0,Yes,Yes,72,Yes,Yes,DSL,Yes,Yes,No,Yes,Yes,No,Two year,No,Mailed check,74.55,5430.65,75.42569444444445,5367.599999999999,49-72,4,0,0,0,0.023477273717997835,correct,False
Male,0,No,No,45,Yes,No,No,No internet service,No internet service,No internet service,No internet service,No internet service,No internet service,One year,Yes,Electronic check,20.4,930.45,20.67666666666667,917.9999999999999,25-48,0,1,1,0,0.09770675369661666,false_negative,False
Male,0,Yes,Yes,37,Yes,No,Fiber optic,No,No,No,No,Yes,Yes,One year,No,Credit card (automatic),91.2,3247.55,87.77162162162162,3374.4,25-48,2,0,0,0,0.3632462295577258,correct,False
Female,0,Yes,Yes,7,Yes,No,DSL,Yes,No,No,No,No,No,Month-to-month,No,Mailed check,50.7,350.35,50.050000000000004,354.90000000000003,7-12,1,0,0,0,0.299168128836969,correct,False
Female,0,No,No,4,Yes,No,DSL,No,Yes,No,No,No,No,Month-to-month,No,Credit card (automatic),50.7,151.3,37.825,202.8,0-6,1,0,1,1,0.5689705158615714,correct,True
Female,0,No,No,1,Yes,No,DSL,Yes,Yes,No,No,No,No,Month-to-month,Yes,Electronic check,54.9,54.9,54.9,54.9,0-6,2,1,1,1,0.6701203095304388,correct,False
Female,0,No,No,4,Yes,No,DSL,Yes,Yes,No,Yes,No,No,Month-to-month,Yes,Mailed check,60.4,272.15,68.0375,241.6,0-6,3,0,1,0,0.4898957051280636,false_negative,True
Male,0,Yes,No,18,Yes,No,DSL,No,No,Yes,No,No,No,Month-to-month,Yes,Mailed check,49.55,878.35,48.797222222222224,891.9,13-24,1,0,1,0,0.4284418617288375,false_negative,True
Female,0,No,No,12,Yes,Yes,DSL,No,No,No,Yes,Yes,Yes,One year,No,Mailed check,74.05,872.65,72.72083333333333,888.5999999999999,7-12,3,0,1,0,0.3779400001765242,false_negative,False
Female,0,Yes,Yes,1,Yes,No,Fiber optic,No,No,No,No,Yes,No,Month-to-month,Yes,Mailed check,80.05,80.05,80.05,80.05,0-6,1,0,1,1,0.8661533500560848,correct,False
Male,0,Yes,Yes,72,Yes,Yes,No,No internet service,No internet service,No internet service,No internet service,No internet service,No internet service,Two year,No,Bank transfer (automatic),25.0,1738.9,24.15138888888889,1800.0,49-72,0,0,0,0,0.01668445653756533,correct,False
Male,0,Yes,No,42,Yes,No,No,No internet service,No internet service,No internet service,No internet service,No internet service,No internet service,Two year,No,Electronic check,20.25,835.5,19.892857142857142,850.5,25-48,0,1,0,0,0.034338745819743076,correct,False
Male,1,No,No,24,Yes,Yes,Fiber optic,No,No,No,No,No,No,Month-to-month,Yes,Electronic check,76.1,1712.7,71.3625,1826.3999999999999,13-24,0,1,1,1,0.7770005440867731,correct,False
Male,0,Yes,Yes,26,Yes,No,Fiber optic,No,No,No,No,No,Yes,One year,No,Bank transfer (automatic),78.95,2034.25,78.24038461538461,2052.7000000000003,25-48,1,0,0,0,0.3635477000757782,correct,False
Female,0,Yes,Yes,68,Yes,Yes,DSL,Yes,Yes,Yes,No,Yes,No,One year,Yes,Credit card (automatic),73.0,5163.0,75.92647058823529,4964.0,49-72,4,0,0,0,0.11162333535496122,correct,False
Female,0,No,No,17,Yes,No,No,No internet service,No internet service,No internet service,No internet service,No internet service,No internet service,One year,No,Bank transfer (automatic),19.9,323.15,19.008823529411764,338.29999999999995,13-24,0,0,0,0,0.09174082335014241,correct,False
Male,0,Yes,Yes,59,Yes,Yes,Fiber optic,Yes,Yes,No,Yes,Yes,Yes,Two year,Yes,Mailed check,111.1,6555.2,111.10508474576271,6554.9,49-72,5,0,0,0,0.13715604823538405,correct,False
Male,0,Yes,Yes,13,Yes,Yes,Fiber optic,No,No,No,No,No,No,Month-to-month,Yes,Credit card (automatic),74.4,896.75,68.98076923076923,967.2,13-24,0,0,1,1,0.7002349245463512,correct,False
Female,0,No,No,2,Yes,No,No,No internet service,No internet service,No internet service,No internet service,No internet service,No internet service,Month-to-month,Yes,Mailed check,20.45,42.45,21.225,40.9,0-6,0,0,0,0,0.4896071141046321,correct,True
Female,0,Yes,No,67,Yes,No,No,No internet service,No internet service,No internet service,No internet service,No internet service,No internet service,Two year,No,Mailed check,19.65,1335.2,19.928358208955224,1316.55,49-72,0,0,0,0,0.016683929141714935,correct,False
Female,0,No,No,17,Yes,No,No,No internet service,No internet service,No internet service,No internet service,No internet service,No internet service,One year,No,Credit card (automatic),20.05,337.9,19.876470588235293,340.85,13-24,0,0,0,0,0.09251844227846344,correct,False
Male,0,Yes,No,71,Yes,Yes,DSL,Yes,Yes,Yes,Yes,No,Yes,Two year,Yes,Mailed check,80.1,5585.4,78.66760563380281,5687.099999999999,49-72,5,0,0,0,0.04352180958626446,correct,False
Female,0,Yes,Yes,17,Yes,No,Fiber optic,No,No,Yes,Yes,Yes,Yes,One year,No,Bank transfer (automatic),98.6,1704.95,100.29117647058824,1676.1999999999998,13-24,4,0,1,0,0.4131622613601272,false_negative,True
Male,0,No,No,1,Yes,No,Fiber optic,No,No,No,No,Yes,Yes,Month-to-month,Yes,Electronic check,89.55,89.55,89.55,89.55,0-6,2,1,1,1,0.9410216787383241,correct,False
Female,0,Yes,Yes,6,Yes,No,No,No internet service,No internet service,No internet service,No internet service,No internet service,No internet service,One year,No,Mailed check,19.7,94.45,15.741666666666667,118.19999999999999,0-6,0,0,0,0,0.2026495435547121,correct,False
Male,0,Yes,No,61,Yes,Yes,Fiber optic,No,Yes,Yes,Yes,Yes,Yes,Month-to-month,Yes,Electronic check,114.1,7132.15,116.92049180327868,6960.099999999999,49-72,5,1,0,1,0.6477030213526185,false_positive,False
Female,0,No,No,6,Yes,Yes,Fiber optic,No,No,No,No,No,No,Month-to-month,Yes,Mailed check,73.85,401.3,66.88333333333334,443.09999999999997,0-6,0,0,0,1,0.8787094494614602,false_positive,False
Female,1,No,No,1,No,No phone service,DSL,No,No,No,No,No,No,Month-to-month,No,Mailed check,25.05,25.05,25.05,25.05,0-6,0,0,1,1,0.749534989363899,correct,False
Female,0,Yes,Yes,21,Yes,No,Fiber optic,No,Yes,Yes,Yes,Yes,Yes,Month-to-month,Yes,Electronic check,102.8,2110.15,100.48333333333333,2158.7999999999997,13-24,5,1,1,1,0.7100699853800432,correct,False
Female,0,Yes,No,60,Yes,Yes,Fiber optic,No,Yes,Yes,Yes,Yes,Yes,Two year,Yes,Credit card (automatic),110.8,6640.7,110.67833333333333,6648.0,49-72,5,0,0,0,0.2125381955051537,correct,False
Female,1,No,No,20,Yes,Yes,Fiber optic,No,No,No,No,No,Yes,Month-to-month,Yes,Credit card (automatic),85.8,1727.5,86.375,1716.0,13-24,1,0,1,1,0.7795482893786168,correct,False
Male,0,Yes,No,22,Yes,Yes,Fiber optic,Yes,No,No,Yes,Yes,No,Month-to-month,No,Credit card (automatic),95.9,2234.95,101.58863636363635,2109.8,13-24,3,0,0,1,0.5253919075624633,false_positive,True
Female,0,No,No,40,Yes,No,No,No internet service,No internet service,No internet service,No internet service,No internet service,No internet service,Two year,Yes,Bank transfer (automatic),20.6,827.3,20.682499999999997,824.0,25-48,0,0,0,0,0.03225682996134272,correct,False
Male,0,No,No,23,Yes,Yes,Fiber optic,No,No,No,No,No,No,Month-to-month,Yes,Electronic check,74.95,1710.45,74.36739130434783,1723.8500000000001,13-24,0,1,1,1,0.756734348741678,correct,False
Female,0,No,Yes,1,Yes,No,DSL,No,No,No,No,No,No,Month-to-month,No,Mailed check,45.95,45.95,45.95,45.95,0-6,0,0,1,1,0.5644423120160795,correct,True
Male,0,No,No,46,No,No phone service,DSL,Yes,No,Yes,Yes,No,No,Two year,No,Mailed check,38.25,1755.35,38.15978260869565,1759.5,25-48,3,0,0,0,0.04147075321842959,correct,False
Female,0,Yes,Yes,5,Yes,No,Fiber optic,No,No,No,No,No,No,Month-to-month,No,Credit card (automatic),69.95,320.4,64.08,349.75,0-6,0,0,0,1,0.7581733473646143,false_positive,False
Male,1,No,No,68,Yes,No,No,No internet service,No internet service,No internet service,No internet service,No internet service,No internet service,Two year,Yes,Credit card (automatic),20.0,1396.0,20.529411764705884,1360.0,49-72,0,0,0,0,0.026418512919737024,correct,False
Female,1,No,No,1,No,No phone service,DSL,No,No,No,No,No,No,Month-to-month,Yes,Electronic check,25.2,25.2,25.2,25.2,0-6,0,1,1,1,0.8593214659459847,correct,False
Female,0,Yes,No,2,Yes,No,No,No internet service,No internet service,No internet service,No internet service,No internet service,No internet service,Month-to-month,No,Bank transfer (automatic),20.1,43.15,21.575,40.2,0-6,0,0,0,0,0.41200212626024446,correct,True
Female,1,No,No,14,Yes,Yes,Fiber optic,No,Yes,Yes,No,Yes,Yes,Month-to-month,Yes,Electronic check,104.85,1531.4,109.38571428571429,1467.8999999999999,13-24,4,1,1,1,0.8751257621788293,correct,False
Male,0,No,No,10,Yes,No,Fiber optic,No,No,No,No,No,No,Month-to-month,Yes,Electronic check,70.0,740.0,74.0,700.0,7-12,0,1,1,1,0.7821496456437619,correct,False
Male,0,No,Yes,13,Yes,No,Fiber optic,No,No,No,No,Yes,No,Month-to-month,Yes,Credit card (automatic),78.3,1033.95,79.53461538461539,1017.9,13-24,1,0,0,1,0.690418268645882,false_positive,False
Female,0,No,No,34,Yes,Yes,Fiber optic,Yes,Yes,Yes,No,Yes,Yes,Month-to-month,Yes,Mailed check,109.8,3587.25,105.50735294117646,3733.2,25-48,5,0,1,1,0.6426409732073084,correct,False
Male,0,Yes,Yes,18,Yes,No,DSL,No,No,Yes,No,No,Yes,Month-to-month,No,Electronic check,57.45,990.85,55.047222222222224,1034.1000000000001,13-24,2,1,1,0,0.47175914139445596,false_negative,True
Male,0,Yes,Yes,71,Yes,No,No,No internet service,No internet service,No internet service,No internet service,No internet service,No internet service,Two year,No,Credit card (automatic),19.7,1301.1,18.325352112676054,1398.7,49-72,0,0,0,0,0.012731062092137412,correct,False
Female,0,Yes,No,70,Yes,Yes,Fiber optic,No,Yes,Yes,Yes,Yes,Yes,Two year,Yes,Electronic check,110.5,7752.05,110.74357142857143,7735.0,49-72,5,1,0,0,0.2366290822746325,correct,False
Female,0,Yes,No,52,Yes,No,DSL,Yes,No,Yes,No,Yes,No,One year,Yes,Mailed check,64.3,3410.6,65.58846153846153,3343.6,49-72,3,0,0,0,0.15600634029900434,correct,False
Male,0,Yes,Yes,68,Yes,No,Fiber optic,Yes,Yes,Yes,No,Yes,Yes,Two year,Yes,Bank transfer (automatic),105.25,7173.15,105.4875,7157.0,49-72,5,0,0,0,0.11241475983153892,correct,False
Male,0,Yes,Yes,38,Yes,No,No,No internet service,No internet service,No internet service,No internet service,No internet service,No internet service,Month-to-month,No,Electronic check,19.6,717.3,18.876315789473683,744.8000000000001,25-48,0,1,0,0,0.138944166123807,correct,False
Female,0,Yes,Yes,58,Yes,Yes,No,No internet service,No internet service,No internet service,No internet service,No internet service,No internet service,One year,Yes,Credit card (automatic),24.5,1497.9,25.82586206896552,1421.0,49-72,0,0,0,0,0.07423896477649097,correct,False
Male,0,No,No,3,Yes,No,Fiber optic,No,No,No,No,Yes,Yes,Month-to-month,No,Mailed check,90.7,237.65,79.21666666666667,272.1,0-6,2,0,0,1,0.8801734232843204,false_positive,False
Male,0,Yes,No,14,Yes,No,DSL,No,No,No,Yes,No,No,Month-to-month,No,Bank transfer (automatic),48.8,664.4,47.457142857142856,683.1999999999999,13-24,1,0,0,0,0.30305983380803037,correct,False
Male,0,No,No,2,No,No phone service,DSL,No,No,No,No,No,No,Month-to-month,Yes,Credit card (automatic),24.9,49.7,24.85,49.8,0-6,0,0,0,1,0.7855401087300979,false_positive,False
Female,0,Yes,No,1,No,No phone service,DSL,No,No,No,No,No,No,Month-to-month,Yes,Electronic check,24.8,24.8,24.8,24.8,0-6,0,1,1,1,0.8453587250024154,correct,False
Female,1,No,No,72,Yes,Yes,Fiber optic,Yes,Yes,Yes,Yes,No,Yes,Two year,Yes,Bank transfer (automatic),107.4,7748.75,107.62152777777777,7732.8,49-72,5,0,0,0,0.10224608016096556,correct,False
Male,0,No,No,3,Yes,No,DSL,No,No,No,No,No,No,Month-to-month,Yes,Electronic check,43.3,123.65,41.21666666666667,129.89999999999998,0-6,0,1,1,1,0.7742573815048593,correct,False
Female,0,No,No,13,Yes,Yes,Fiber optic,Yes,No,No,No,No,No,Month-to-month,Yes,Credit card (automatic),80.0,1029.35,79.18076923076923,1040.0,13-24,1,0,0,1,0.6485419209551143,false_positive,False
Male,1,Yes,Yes,72,Yes,No,Fiber optic,Yes,No,Yes,Yes,Yes,Yes,Two year,Yes,Credit card (automatic),104.1,7447.7,103.44027777777778,7495.2,49-72,5,0,0,0,0.10814552317422828,correct,False
Male,0,Yes,No,58,Yes,No,No,No internet service,No internet service,No internet service,No internet service,No internet service,No internet service,Two year,No,Mailed check,20.75,1185.95,20.44741379310345,1203.5,49-72,0,0,0,0,0.02077937721182912,correct,False
Male,1,Yes,No,71,Yes,No,Fiber optic,No,Yes,Yes,Yes,No,Yes,Two year,Yes,Credit card (automatic),95.5,6707.15,94.4669014084507,6780.5,49-72,4,0,0,0,0.12088539402190777,correct,False
Female,0,No,No,1,Yes,No,Fiber optic,No,No,Yes,No,No,No,Month-to-month,No,Electronic check,76.35,76.35,76.35,76.35,0-6,1,1,1,1,0.8517652831699023,correct,False
Female,0,Yes,Yes,54,Yes,Yes,DSL,Yes,Yes,Yes,Yes,Yes,Yes,Two year,No,Credit card (automatic),91.3,4965.0,91.94444444444444,4930.2,49-72,6,0,0,0,0.04696526062077952,correct,False
Male,0,No,Yes,39,No,No phone service,DSL,Yes,No,No,Yes,Yes,No,One year,No,Bank transfer (automatic),45.05,1790.6,45.91282051282051,1756.9499999999998,25-48,3,0,0,0,0.11186288234709905,correct,False
Female,0,No,No,1,Yes,No,Fiber optic,No,No,No,No,No,No,Month-to-month,Yes,Electronic check,70.6,70.6,70.6,70.6,0-6,0,1,1,1,0.8913784262935772,correct,False
Male,0,Yes,No,61,Yes,Yes,DSL,Yes,Yes,Yes,Yes,No,Yes,Two year,Yes,Bank transfer (automatic),80.8,4860.85,79.68606557377049,4928.8,49-72,5,0,0,0,0.053142033459812506,correct,False
Female,0,Yes,Yes,25,Yes,No,Fiber optic,No,Yes,Yes,No,Yes,No,Month-to-month,Yes,Bank transfer (automatic),89.15,2257.75,90.31,2228.75,25-48,3,0,1,1,0.585931782631054,correct,True
Female,0,No,No,37,Yes,Yes,Fiber optic,Yes,Yes,Yes,No,No,No,Month-to-month,No,Bank transfer (automatic),91.2,3382.3,91.41351351351352,3374.4,25-48,3,0,0,0,0.38008956107472414,correct,False
Female,1,No,No,26,Yes,No,Fiber optic,No,No,No,No,Yes,Yes,Month-to-month,Yes,Electronic check,91.25,2351.8,90.45384615384616,2372.5,25-48,2,1,1,1,0.8092004310357725,correct,False
Male,0,No,No,10,Yes,No,No,No internet service,No internet service,No internet service,No internet service,No internet service,No internet service,Month-to-month,No,Credit card (automatic),19.75,208.25,20.825,197.5,7-12,0,0,0,0,0.23393333655701748,correct,False
Female,0,No,No,1,Yes,No,No,No internet service,No internet service,No internet service,No internet service,No internet service,No internet service,Month-to-month,No,Mailed check,20.4,20.4,20.4,20.4,0-6,0,0,1,0,0.4101267230467453,false_negative,True
Female,1,Yes,No,24,No,No phone service,DSL,No,No,Yes,No,No,Yes,Month-to-month,Yes,Credit card (automatic),40.65,933.3,38.887499999999996,975.5999999999999,13-24,2,0,1,1,0.6076156794262695,correct,False
Male,1,No,No,65,Yes,Yes,Fiber optic,Yes,No,Yes,Yes,Yes,Yes,Two year,Yes,Electronic check,110.35,7246.15,111.47923076923077,7172.75,49-72,5,1,0,0,0.24723893086444926,correct,False
Male,0,No,No,23,Yes,No,DSL,No,No,No,No,Yes,Yes,One year,Yes,Bank transfer (automatic),64.9,1509.8,65.64347826086956,1492.7,13-24,2,0,0,0,0.3547576922415168,correct,False
Male,0,No,No,49,Yes,Yes,DSL,No,No,No,Yes,Yes,No,Two year,Yes,Bank transfer (automatic),66.15,3199.0,65.28571428571429,3241.3500000000004,49-72,2,0,0,0,0.10190416341885196,correct,False
Female,1,No,No,42,Yes,Yes,DSL,No,No,Yes,No,No,No,Month-to-month,No,Electronic check,55.65,2421.75,57.660714285714285,2337.2999999999997,25-48,1,1,0,0,0.384726727740078,correct,False
Female,0,No,No,8,Yes,No,No,No internet service,No internet service,No internet service,No internet service,No internet service,No internet service,Two year,No,Mailed check,20.85,161.65,20.20625,166.8,7-12,0,0,0,0,0.05688369757625936,correct,False
Female,0,No,No,28,Yes,No,DSL,No,Yes,No,Yes,No,No,Month-to-month,No,Bank transfer (automatic),54.65,1517.5,54.19642857142857,1530.2,25-48,2,0,0,0,0.19617620314137815,correct,False
Male,0,No,No,71,Yes,Yes,DSL,Yes,Yes,Yes,Yes,No,Yes,Two year,No,Bank transfer (automatic),80.6,5708.2,80.39718309859154,5722.599999999999,49-72,5,0,0,0,0.029322707445646967,correct,False
Male,0,Yes,Yes,69,Yes,Yes,Fiber optic,No,No,Yes,No,Yes,Yes,Month-to-month,Yes,Credit card (automatic),99.45,7007.6,101.55942028985508,6862.05,49-72,3,0,1,1,0.5919235950894636,correct,True
Male,0,Yes,Yes,68,Yes,Yes,Fiber optic,Yes,Yes,Yes,Yes,Yes,Yes,Two year,Yes,Bank transfer (automatic),114.7,7849.85,115.43897058823529,7799.6,49-72,6,0,0,0,0.11665884738266762,correct,False
Female,0,Yes,No,64,Yes,Yes,Fiber optic,No,Yes,No,Yes,Yes,Yes,Two year,Yes,Bank transfer (automatic),105.4,6794.75,106.16796875,6745.6,49-72,4,0,0,0,0.19503901001243715,correct,False
Female,1,No,No,3,Yes,No,Fiber optic,No,No,Yes,No,No,No,Month-to-month,No,Mailed check,75.05,202.9,67.63333333333334,225.14999999999998,0-6,1,0,0,1,0.8216805223010029,false_positive,False
Female,0,Yes,Yes,66,Yes,No,DSL,No,No,No,Yes,No,No,One year,Yes,Credit card (automatic),49.4,3251.85,49.27045454545454,3260.4,49-72,1,0,0,0,0.07825874552459619,correct,False
Male,0,No,No,28,Yes,No,No,No internet service,No internet service,No internet service,No internet service,No internet service,No internet service,One year,No,Credit card (automatic),18.25,534.7,19.09642857142857,511.0,25-48,0,0,0,0,0.07681888696763783,correct,False
Male,0,Yes,No,67,Yes,No,Fiber optic,Yes,Yes,Yes,Yes,Yes,Yes,Two year,Yes,Electronic check,111.05,7321.05,109.26940298507463,7440.349999999999,49-72,6,1,0,0,0.14740455522422533,correct,False
Male,0,Yes,No,46,Yes,No,No,No internet service,No internet service,No internet service,No internet service,No internet service,No internet service,Month-to-month,No,Electronic check,19.6,851.2,18.504347826086956,901.6,25-48,0,1,0,0,0.1414124325725124,correct,False
Male,0,Yes,No,55,Yes,Yes,Fiber optic,Yes,Yes,No,No,Yes,No,Month-to-month,Yes,Electronic check,96.75,5238.9,95.25272727272727,5321.25,49-72,3,1,1,1,0.5999222458667458,correct,True
Male,0,No,No,22,Yes,No,Fiber optic,No,No,No,No,No,No,Month-to-month,Yes,Mailed check,69.7,1490.4,67.74545454545455,1533.4,13-24,0,0,0,1,0.6174827659616485,false_positive,False
Male,0,Yes,Yes,18,Yes,No,Fiber optic,Yes,No,Yes,No,Yes,No,Month-to-month,Yes,Mailed check,87.9,1500.5,83.36111111111111,1582.2,13-24,3,0,0,1,0.5951701188067695,false_positive,True
Male,0,Yes,No,46,No,No phone service,DSL,Yes,No,Yes,Yes,No,No,Two year,No,Credit card (automatic),40.4,1842.7,40.05869565217392,1858.3999999999999,25-48,3,0,0,0,0.04121797327877889,correct,False
Female,0,Yes,No,10,Yes,Yes,Fiber optic,Yes,No,No,No,No,No,Month-to-month,Yes,Credit card (automatic),78.15,765.15,76.515,781.5,7-12,1,0,0,1,0.715441235506111,false_positive,False
Male,0,Yes,No,72,Yes,Yes,Fiber optic,No,Yes,No,No,Yes,Yes,Two year,Yes,Electronic check,99.4,7285.7,101.19027777777778,7156.8,49-72,3,1,0,0,0.2924754588003345,correct,False
Male,0,No,No,16,Yes,Yes,DSL,No,Yes,No,No,No,No,Month-to-month,No,Electronic check,55.3,875.35,54.709375,884.8,13-24,1,1,0,0,0.47290242293965173,correct,True
Male,1,No,No,3,Yes,Yes,Fiber optic,No,No,No,No,No,No,Month-to-month,Yes,Electronic check,77.0,237.75,79.25,231.0,0-6,0,1,1,1,0.9263735908578036,correct,False
Male,0,Yes,Yes,21,No,No phone service,DSL,No,No,No,No,No,No,Month-to-month,Yes,Electronic check,26.05,565.75,26.94047619047619,547.0500000000001,13-24,0,1,0,1,0.5502375957466977,false_positive,True
Male,0,No,No,5,Yes,No,Fiber optic,No,No,No,No,No,Yes,Month-to-month,No,Mailed check,78.75,426.35,85.27000000000001,393.75,0-6,1,0,0,1,0.8423943011685756,false_positive,False
Female,0,No,No,1,No,No phone service,DSL,No,Yes,No,No,No,No,Month-to-month,No,Bank transfer (automatic),29.95,29.95,29.95,29.95,0-6,1,0,1,1,0.6866227742519255,correct,False
Female,0,No,No,1,Yes,No,DSL,No,No,No,No,No,No,Month-to-month,Yes,Mailed check,45.4,45.4,45.4,45.4,0-6,0,0,1,1,0.6964512725664798,correct,False
Male,1,Yes,No,36,Yes,Yes,Fiber optic,No,No,No,No,No,Yes,Month-to-month,Yes,Credit card (automatic),85.25,3132.75,87.02083333333333,3069.0,25-48,1,0,1,1,0.7223035323680073,correct,False
Male,0,Yes,No,64,Yes,No,Fiber optic,Yes,Yes,No,Yes,Yes,Yes,Two year,Yes,Credit card (automatic),104.05,6605.55,103.21171875,6659.2,49-72,5,0,0,0,0.11733748958237378,correct,False
Male,1,Yes,No,30,Yes,Yes,DSL,No,No,Yes,No,Yes,Yes,Two year,No,Electronic check,74.85,2181.75,72.725,2245.5,25-48,3,1,0,0,0.2505838163363604,correct,False
Female,0,Yes,Yes,72,Yes,No,No,No internet service,No internet service,No internet service,No internet service,No internet service,No internet service,Two year,No,Bank transfer (automatic),19.55,1463.45,20.325694444444444,1407.6000000000001,49-72,0,0,0,0,0.011922583773567553,correct,False
Male,0,Yes,Yes,46,Yes,No,No,No internet service,No internet service,No internet service,No internet service,No internet service,No internet service,Two year,Yes,Mailed check,20.1,936.85,20.366304347826087,924.6,25-48,0,0,0,0,0.025040009600425853,correct,False
Female,0,Yes,No,45,Yes,No,Fiber optic,No,No,No,Yes,Yes,Yes,Two year,Yes,Credit card (automatic),95.2,4285.8,95.24000000000001,4284.0,25-48,3,0,0,0,0.20222170846845952,correct,False
Female,0,No,No,2,Yes,No,No,No internet service,No internet service,No internet service,No internet service,No internet service,No internet service,Month-to-month,No,Mailed check,20.65,38.7,19.35,41.3,0-6,0,0,1,0,0.4034205795924511,false_negative,True
Female,0,No,No,34,Yes,No,DSL,Yes,Yes,No,No,No,No,One year,No,Mailed check,55.0,1885.15,55.44558823529412,1870.0,25-48,2,0,0,0,0.08685814048063174,correct,False
Female,0,Yes,No,54,Yes,Yes,Fiber optic,Yes,Yes,No,No,Yes,Yes,One year,No,Bank transfer (automatic),106.55,5763.3,106.72777777777777,5753.7,49-72,4,0,1,0,0.32223499686180734,false_negative,False
Male,0,No,No,21,Yes,No,No,No internet service,No internet service,No internet service,No internet service,No internet service,No internet service,Month-to-month,Yes,Mailed check,19.95,416.4,19.82857142857143,418.95,13-24,0,0,0,0,0.22034796641380944,correct,False
Male,0,Yes,No,65,Yes,Yes,DSL,Yes,No,Yes,Yes,No,Yes,Two year,No,Bank transfer (automatic),76.15,4929.55,75.83923076923077,4949.75,49-72,4,0,0,0,0.03960854348162145,correct,False
Female,0,Yes,No,20,Yes,No,Fiber optic,No,No,No,No,No,No,Month-to-month,Yes,Bank transfer (automatic),69.8,1540.35,77.0175,1396.0,13-24,0,0,0,1,0.6249039626572713,false_positive,False
Male,0,No,No,1,Yes,No,Fiber optic,No,No,No,No,Yes,No,Month-to-month,Yes,Electronic check,79.5,79.5,79.5,79.5,0-6,1,1,1,1,0.9208063601203486,correct,False
Male,0,Yes,Yes,42,Yes,Yes,DSL,Yes,Yes,No,No,Yes,No,Month-to-month,Yes,Bank transfer (automatic),69.4,3058.3,72.81666666666668,2914.8,25-48,3,0,0,0,0.2707730536453741,correct,False
Male,0,No,No,1,Yes,No,No,No internet service,No internet service,No internet service,No internet service,No internet service,No internet service,Month-to-month,No,Mailed check,19.4,19.4,19.4,19.4,0-6,0,0,1,0,0.4232961485687517,false_negative,True
Female,0,Yes,No,20,Yes,No,Fiber optic,Yes,Yes,No,Yes,Yes,No,Month-to-month,Yes,Electronic check,96.55,1901.65,95.08250000000001,1931.0,13-24,4,1,0,1,0.5900475731587448,false_positive,True
Male,0,No,No,11,Yes,No,Fiber optic,No,No,No,No,No,No,Month-to-month,No,Electronic check,70.2,760.05,69.09545454545454,772.2,7-12,0,1,0,1,0.7125496515321669,false_positive,False
Female,0,Yes,No,61,Yes,Yes,No,No internet service,No internet service,No internet service,No internet service,No internet service,No internet service,Two year,No,Bank transfer (automatic),25.3,1554.9,25.49016393442623,1543.3,49-72,0,0,0,0,0.025546730856971636,correct,False
Female,0,Yes,No,64,Yes,Yes,No,No internet service,No internet service,No internet service,No internet service,No internet service,No internet service,Two year,No,Credit card (automatic),25.0,1584.8,24.7625,1600.0,49-72,0,0,0,0,0.024288750391014035,correct,False
Female,1,Yes,No,25,Yes,No,Fiber optic,No,Yes,Yes,No,No,Yes,Month-to-month,No,Bank transfer (automatic),88.4,2191.15,87.646,2210.0,25-48,3,0,0,1,0.6017748246869395,false_positive,False
Female,0,No,No,44,Yes,Yes,DSL,No,No,No,No,No,No,Month-to-month,Yes,Mailed check,50.15,2139.1,48.61590909090909,2206.6,25-48,0,0,0,0,0.33342855900729,correct,False
Female,0,Yes,No,5,Yes,No,Fiber optic,No,No,No,No,No,No,Month-to-month,No,Electronic check,69.95,330.15,66.03,349.75,0-6,0,1,1,1,0.8481059944030789,correct,False
Female,1,Yes,Yes,48,No,No phone service,DSL,No,Yes,No,No,No,No,One year,No,Bank transfer (automatic),29.9,1388.75,28.932291666666668,1435.1999999999998,25-48,1,0,0,0,0.12934577433483957,correct,False
Male,0,No,No,6,Yes,Yes,Fiber optic,No,No,No,No,No,No,Month-to-month,Yes,Electronic check,74.9,469.8,78.3,449.40000000000003,0-6,0,1,1,1,0.9127054979926046,correct,False
Male,0,Yes,No,4,Yes,No,DSL,No,No,No,Yes,No,No,Month-to-month,No,Mailed check,50.05,179.35,44.8375,200.2,0-6,1,0,1,1,0.5516098730033541,correct,True
Male,0,Yes,Yes,72,Yes,No,No,No internet service,No internet service,No internet service,No internet service,No internet service,No internet service,Two year,No,Bank transfer (automatic),19.95,1322.85,18.372916666666665,1436.3999999999999,49-72,0,0,0,0,0.012207406422827943,correct,False
Male,0,No,No,54,Yes,Yes,Fiber optic,No,No,Yes,No,No,Yes,Month-to-month,No,Credit card (automatic),89.4,4869.5,90.17592592592592,4827.6,49-72,2,0,0,1,0.5642136365150168,false_positive,True
Female,0,Yes,Yes,66,Yes,Yes,DSL,Yes,Yes,Yes,No,No,No,Month-to-month,Yes,Bank transfer (automatic),67.45,4508.65,68.31287878787879,4451.7,49-72,3,0,0,0,0.15497357919747393,correct,False
Male,0,No,No,3,Yes,No,DSL,No,Yes,No,No,No,No,Month-to-month,Yes,Mailed check,49.9,130.1,43.36666666666667,149.7,0-6,1,0,1,1,0.6661017564277354,correct,False
Male,0,No,No,19,Yes,No,DSL,No,Yes,No,Yes,No,Yes,One year,Yes,Bank transfer (automatic),65.35,1231.85,64.83421052631579,1241.6499999999999,13-24,3,0,0,0,0.22507349521733686,correct,False
Male,0,Yes,Yes,61,Yes,Yes,DSL,No,No,Yes,Yes,Yes,Yes,Two year,Yes,Bank transfer (automatic),81.0,4976.15,81.57622950819672,4941.0,49-72,4,0,0,0,0.0909048746546854,correct,False
Male,0,No,No,54,Yes,No,Fiber optic,Yes,No,Yes,No,Yes,No,Month-to-month,No,Mailed check,89.8,4667.0,86.42592592592592,4849.2,49-72,3,0,0,0,0.3891457145602673,correct,False
Female,0,No,No,1,Yes,No,DSL,No,Yes,No,No,No,No,Month-to-month,No,Electronic check,49.95,49.95,49.95,49.95,0-6,1,1,0,1,0.672240888294696,false_positive,False
Male,1,No,No,19,Yes,Yes,Fiber optic,No,No,Yes,No,No,No,Month-to-month,Yes,Electronic check,79.85,1471.75,77.46052631578948,1517.1499999999999,13-24,1,1,1,1,0.8022198643725156,correct,False
Male,0,Yes,No,24,Yes,No,No,No internet service,No internet service,No internet service,No internet service,No internet service,No internet service,Two year,No,Mailed check,19.75,483.15,20.131249999999998,474.0,13-24,0,0,0,0,0.037173548538991026,correct,False
Female,1,No,Yes,33,Yes,Yes,Fiber optic,No,Yes,Yes,No,Yes,Yes,Month-to-month,Yes,Bank transfer (automatic),105.35,3465.05,105.00151515151515,3476.5499999999997,25-48,4,0,0,1,0.7086537030667699,false_positive,False
Female,0,Yes,No,31,Yes,No,Fiber optic,No,Yes,No,No,No,Yes,Month-to-month,Yes,Bank transfer (automatic),83.85,2674.15,86.26290322580645,2599.35,25-48,2,0,0,1,0.6081753871545882,false_positive,False
Male,0,Yes,No,59,No,No phone service,DSL,No,No,No,No,Yes,Yes,Month-to-month,Yes,Electronic check,44.3,2666.75,45.19915254237288,2613.7,49-72,2,1,0,1,0.5969820810739325,false_positive,True
Female,1,Yes,No,20,Yes,No,Fiber optic,No,No,No,No,Yes,Yes,One year,Yes,Bank transfer (automatic),91.0,1859.5,92.975,1820.0,13-24,2,0,0,1,0.6281931395383401,false_positive,False
Male,1,Yes,No,60,Yes,Yes,Fiber optic,No,No,No,Yes,Yes,Yes,Month-to-month,Yes,Electronic check,99.0,6017.9,100.29833333333333,5940.0,49-72,3,1,0,1,0.7379466107375542,false_positive,False
Male,0,No,Yes,18,Yes,Yes,Fiber optic,No,No,Yes,No,No,No,Month-to-month,Yes,Credit card (automatic),80.55,1406.65,78.14722222222223,1449.8999999999999,13-24,1,0,0,1,0.6616657899936298,false_positive,False
Female,0,No,Yes,19,Yes,No,DSL,Yes,Yes,Yes,No,No,No,Month-to-month,Yes,Electronic check,60.6,1297.8,68.30526315789473,1151.4,13-24,3,1,0,0,0.3192080139856337,correct,False
Female,0,Yes,Yes,24,Yes,No,No,No internet service,No internet service,No internet service,No internet service,No internet service,No internet service,Two year,No,Mailed check,19.7,452.55,18.85625,472.79999999999995,13-24,0,0,0,0,0.029425721404906992,correct,False
Female,0,Yes,Yes,9,Yes,No,No,No internet service,No internet service,No internet service,No internet service,No internet service,No internet service,One year,No,Mailed check,20.25,172.35,19.15,182.25,7-12,0,0,0,0,0.10802024653155563,correct,False
Female,0,Yes,Yes,33,Yes,Yes,No,No internet service,No internet service,No internet service,No internet service,No internet service,No internet service,Month-to-month,No,Bank transfer (automatic),24.25,838.5,25.40909090909091,800.25,25-48,0,0,0,0,0.14254345138774122,correct,False
Female,0,No,No,2,Yes,No,No,No internet service,No internet service,No internet service,No internet service,No internet service,No internet service,Month-to-month,No,Mailed check,19.4,61.05,30.525,38.8,0-6,0,0,0,0,0.4064300255757139,correct,True
Male,0,Yes,No,67,Yes,Yes,Fiber optic,No,Yes,Yes,No,No,Yes,Two year,Yes,Electronic check,93.15,6368.2,95.04776119402985,6241.05,49-72,3,1,0,0,0.2642711985060904,correct,False
Female,0,No,No,52,Yes,No,DSL,Yes,No,No,No,No,No,Month-to-month,Yes,Bank transfer (automatic),49.75,2535.55,48.760576923076925,2587.0,49-72,1,0,0,0,0.21142591975868835,correct,False
Female,0,No,No,5,Yes,No,No,No internet service,No internet service,No internet service,No internet service,No internet service,No internet service,Month-to-month,Yes,Credit card (automatic),19.65,92.05,18.41,98.25,0-6,0,0,0,0,0.47694680951883284,correct,True
Female,0,Yes,Yes,1,Yes,No,No,No internet service,No internet service,No internet service,No internet service,No internet service,No internet service,Month-to-month,Yes,Mailed check,19.4,19.4,19.4,19.4,0-6,0,0,0,0,0.45848564486144366,correct,True
Male,0,No,No,67,Yes,No,No,No internet service,No internet service,No internet service,No internet service,No internet service,No internet service,Two year,Yes,Mailed check,19.8,1311.3,19.571641791044776,1326.6000000000001,49-72,0,0,0,0,0.02323853415015986,correct,False
Female,0,No,No,63,Yes,Yes,Fiber optic,No,Yes,No,No,Yes,Yes,One year,No,Bank transfer (automatic),99.9,6137.0,97.41269841269842,6293.700000000001,49-72,3,0,1,0,0.35408302908498235,false_negative,False
Male,1,No,No,2,Yes,No,DSL,No,No,Yes,No,No,No,Month-to-month,No,Mailed check,49.95,107.1,53.55,99.9,0-6,1,0,0,1,0.6599790756268777,false_positive,False
Male,1,Yes,No,25,Yes,Yes,Fiber optic,Yes,No,No,No,No,Yes,One year,Yes,Electronic check,89.05,2177.45,87.098,2226.25,25-48,2,1,1,1,0.6273403960922772,correct,False
Male,0,No,No,19,Yes,No,No,No internet service,No internet service,No internet service,No internet service,No internet service,No internet service,Two year,Yes,Mailed check,19.95,373.5,19.657894736842106,379.05,13-24,0,0,0,0,0.05573706442007317,correct,False
Male,0,No,Yes,62,Yes,No,DSL,Yes,Yes,No,No,No,No,One year,No,Bank transfer (automatic),56.15,3487.95,56.25725806451613,3481.2999999999997,49-72,2,0,0,0,0.04796791286905472,correct,False
Male,1,No,No,23,No,No phone service,DSL,No,No,No,No,No,Yes,Month-to-month,Yes,Bank transfer (automatic),34.65,768.45,33.410869565217396,796.9499999999999,13-24,1,0,0,1,0.6117221712380876,false_positive,False
Male,0,Yes,No,70,Yes,No,DSL,Yes,Yes,Yes,Yes,No,No,Two year,No,Credit card (automatic),64.95,4523.25,64.61785714285715,4546.5,49-72,4,0,0,0,0.017163862893223157,correct,False
Male,0,No,No,29,Yes,No,Fiber optic,No,No,No,Yes,Yes,Yes,Month-to-month,Yes,Electronic check,94.2,2607.6,89.91724137931034,2731.8,25-48,3,1,0,1,0.7322526342290073,false_positive,False
Male,0,Yes,No,32,Yes,Yes,Fiber optic,No,No,Yes,No,No,No,Month-to-month,Yes,Electronic check,78.9,2447.95,76.4984375,2524.8,25-48,1,1,1,1,0.7274378723828365,correct,False
Female,0,No,No,31,Yes,Yes,DSL,Yes,No,Yes,Yes,No,No,Month-to-month,No,Credit card (automatic),65.25,1994.3,64.33225806451613,2022.75,25-48,3,0,1,0,0.20250156368404587,false_negative,False
Female,0,No,No,59,Yes,No,Fiber optic,No,No,Yes,No,Yes,Yes,Two year,No,Electronic check,95.8,5655.45,95.85508474576271,5652.2,49-72,3,1,0,0,0.23282275377296802,correct,False
Male,0,No,No,32,Yes,No,DSL,No,No,No,No,Yes,Yes,One year,Yes,Bank transfer (automatic),64.85,2010.95,62.8421875,2075.2,25-48,2,0,0,0,0.3058255036702956,correct,False
Male,0,Yes,No,17,No,No phone service,DSL,No,Yes,No,No,Yes,Yes,Month-to-month,Yes,Mailed check,49.8,836.35,49.19705882352941,846.5999999999999,13-24,3,0,0,1,0.6538091334340113,false_positive,False
Male,0,No,No,26,Yes,No,No,No internet service,No internet service,No internet service,No internet service,No internet service,No internet service,Month-to-month,No,Mailed check,20.9,518.3,19.934615384615384,543.4,25-48,0,0,0,0,0.14656080324036724,correct,False
Male,0,No,No,12,Yes,Yes,Fiber optic,No,No,No,No,Yes,Yes,Month-to-month,No,Electronic check,94.55,1173.55,97.79583333333333,1134.6,7-12,2,1,0,1,0.8607106603173489,false_positive,False
Male,0,Yes,Yes,61,Yes,No,Fiber optic,No,Yes,No,Yes,Yes,Yes,One year,Yes,Bank transfer (automatic),98.45,6145.2,100.74098360655738,6005.45,49-72,4,0,0,0,0.2845254739307204,correct,False
Female,0,Yes,No,71,Yes,No,No,No internet service,No internet service,No internet service,No internet service,No internet service,No internet service,Two year,No,Mailed check,19.6,1416.5,19.950704225352112,1391.6000000000001,49-72,0,0,0,0,0.015203039429132186,correct,False
Female,0,No,No,9,Yes,No,No,No internet service,No internet service,No internet service,No internet service,No internet service,No internet service,Month-to-month,Yes,Credit card (automatic),20.45,147.55,16.394444444444446,184.04999999999998,7-12,0,0,0,0,0.29802944986369684,correct,False
Male,1,Yes,No,24,Yes,Yes,Fiber optic,No,Yes,Yes,No,Yes,Yes,Month-to-month,Yes,Electronic check,104.25,2433.9,101.41250000000001,2502.0,13-24,4,1,1,1,0.8584208212550766,correct,False
Female,1,No,No,7,Yes,No,Fiber optic,No,No,No,No,Yes,Yes,Month-to-month,Yes,Electronic check,89.15,574.35,82.05,624.0500000000001,7-12,2,1,0,1,0.8924814421471658,false_positive,False
Male,0,No,Yes,41,Yes,No,Fiber optic,Yes,Yes,Yes,Yes,Yes,Yes,Two year,Yes,Electronic check,111.15,4507.15,109.93048780487804,4557.150000000001,25-48,6,1,0,0,0.16247570687719737,correct,False
Male,0,Yes,Yes,20,Yes,No,Fiber optic,No,No,No,No,Yes,Yes,Month-to-month,Yes,Electronic check,90.2,1776.55,88.8275,1804.0,13-24,2,1,1,1,0.7895690956594931,correct,False
Male,0,Yes,No,33,Yes,No,Fiber optic,No,No,No,No,Yes,Yes,Month-to-month,No,Electronic check,91.25,2964.05,89.81969696969698,3011.25,25-48,2,1,0,1,0.6994113079655758,false_positive,False
Male,0,No,No,56,Yes,No,DSL,No,Yes,Yes,Yes,Yes,Yes,Two year,Yes,Credit card (automatic),81.8,4534.45,80.97232142857142,4580.8,49-72,5,0,0,0,0.07759739094721643,correct,False
Male,0,Yes,Yes,1,Yes,Yes,Fiber optic,No,No,No,No,No,No,Month-to-month,Yes,Electronic check,74.5,74.5,74.5,74.5,0-6,0,1,1,1,0.909341492244771,correct,False
Male,0,No,No,4,Yes,Yes,Fiber optic,No,No,No,No,No,No,Month-to-month,Yes,Electronic check,76.05,318.9,79.725,304.2,0-6,0,1,1,1,0.9144349634533684,correct,False
Female,0,No,No,54,Yes,Yes,Fiber optic,No,Yes,Yes,Yes,Yes,Yes,Month-to-month,No,Electronic check,111.1,6014.85,111.38611111111112,5999.4,49-72,5,1,1,1,0.6035888355252661,correct,False
Female,0,Yes,Yes,8,Yes,No,DSL,No,No,No,Yes,Yes,Yes,Month-to-month,Yes,Electronic check,68.55,564.35,70.54375,548.4,7-12,3,1,0,1,0.637643067224026,false_positive,False
Male,0,Yes,No,58,No,No phone service,DSL,No,No,No,No,Yes,Yes,One year,Yes,Credit card (automatic),45.0,2689.35,46.36810344827586,2610.0,49-72,2,0,0,0,0.3316920018873566,correct,False
Male,0,Yes,No,34,Yes,Yes,Fiber optic,No,No,Yes,No,Yes,Yes,Month-to-month,No,Electronic check,100.85,3527.3,103.74411764705883,3428.8999999999996,25-48,3,1,0,1,0.7599381341746919,false_positive,False
Female,1,No,No,2,No,No phone service,DSL,No,No,Yes,No,No,No,Month-to-month,Yes,Electronic check,30.4,78.65,39.325,60.8,0-6,1,1,1,1,0.8555208166632444,correct,False
Male,0,No,Yes,25,Yes,No,Fiber optic,No,Yes,No,No,Yes,Yes,Month-to-month,Yes,Electronic check,95.9,2448.75,97.95,2397.5,25-48,3,1,1,1,0.7297134876334221,correct,False
Female,0,Yes,No,68,Yes,Yes,Fiber optic,No,No,Yes,No,Yes,No,Two year,Yes,Bank transfer (automatic),89.95,5974.3,87.85735294117647,6116.6,49-72,2,0,0,0,0.2005823108414516,correct,False
Female,0,Yes,No,71,Yes,Yes,Fiber optic,No,Yes,Yes,No,Yes,Yes,Two year,Yes,Bank transfer (automatic),105.15,7555.0,106.40845070422536,7465.650000000001,49-72,4,0,0,0,0.2174603780752242,correct,False
Female,0,No,Yes,1,Yes,No,DSL,No,No,Yes,No,No,Yes,Month-to-month,No,Electronic check,59.2,59.2,59.2,59.2,0-6,2,1,1,1,0.7294240106475844,correct,False
Male,0,No,No,13,Yes,Yes,Fiber optic,Yes,No,No,No,Yes,Yes,Month-to-month,No,Mailed check,98.15,1230.25,94.63461538461539,1275.95,13-24,3,0,1,1,0.7210156137834139,correct,False
Male,0,Yes,Yes,5,Yes,Yes,Fiber optic,Yes,No,Yes,No,No,No,Month-to-month,Yes,Electronic check,84.5,453.75,90.75,422.5,0-6,2,1,1,1,0.8644881455685983,correct,False
Female,0,No,No,22,Yes,No,No,No internet service,No internet service,No internet service,No internet service,No internet service,No internet service,One year,No,Bank transfer (automatic),20.85,450.65,20.48409090909091,458.70000000000005,13-24,0,0,0,0,0.08067747574815318,correct,False
Female,0,Yes,Yes,10,Yes,Yes,No,No internet service,No internet service,No internet service,No internet service,No internet service,No internet service,Two year,No,Credit card (automatic),26.1,225.55,22.555,261.0,7-12,0,0,0,0,0.06223059152089701,correct,False
Male,1,Yes,No,55,Yes,Yes,Fiber optic,No,No,No,No,No,No,Month-to-month,Yes,Electronic check,74.0,4052.4,73.68,4070.0,49-72,0,1,0,1,0.6961234611002697,false_positive,False
Female,0,Yes,Yes,27,Yes,No,No,No internet service,No internet service,No internet service,No internet service,No internet service,No internet service,One year,Yes,Mailed check,20.55,583.3,21.6037037037037,554.85,25-48,0,0,0,0,0.08541139058819544,correct,False
Female,0,No,No,10,Yes,No,No,No internet service,No internet service,No internet service,No internet service,No internet service,No internet service,Month-to-month,No,Mailed check,18.85,163.2,16.32,188.5,7-12,0,0,0,0,0.23212646367011014,correct,False
Male,0,No,No,23,Yes,No,No,No internet service,No internet service,No internet service,No internet service,No internet service,No internet service,Month-to-month,No,Electronic check,20.85,473.9,20.604347826086954,479.55,13-24,0,1,0,0,0.2125548282921557,correct,False
Male,0,Yes,Yes,70,Yes,Yes,DSL,No,Yes,Yes,Yes,Yes,Yes,Two year,Yes,Electronic check,84.1,5979.7,85.42428571428572,5887.0,49-72,5,1,0,0,0.0965878100720315,correct,False
Female,0,No,Yes,5,Yes,No,DSL,No,No,No,No,No,No,Month-to-month,No,Mailed check,46.0,221.7,44.339999999999996,230.0,0-6,0,0,1,1,0.5411112300253975,correct,True
Female,0,No,No,24,Yes,No,No,No internet service,No internet service,No internet service,No internet service,No internet service,No internet service,Two year,Yes,Bank transfer (automatic),19.55,470.2,19.591666666666665,469.20000000000005,13-24,0,0,0,0,0.048097464438228446,correct,False
Female,0,No,No,8,Yes,No,No,No internet service,No internet service,No internet service,No internet service,No internet service,No internet service,One year,Yes,Bank transfer (automatic),20.2,140.95,17.61875,161.6,7-12,0,0,0,0,0.17132748640991646,correct,False
Male,0,Yes,No,19,Yes,Yes,Fiber optic,Yes,Yes,No,Yes,No,No,Month-to-month,Yes,Credit card (automatic),88.8,1672.35,88.01842105263158,1687.2,13-24,3,0,0,1,0.5339625103837943,false_positive,True
Male,1,Yes,No,43,Yes,No,Fiber optic,No,Yes,Yes,No,Yes,Yes,One year,Yes,Bank transfer (automatic),100.55,4304.0,100.09302325581395,4323.65,25-48,4,0,0,0,0.46992147532910483,correct,True
Male,1,No,No,67,Yes,Yes,Fiber optic,No,No,Yes,No,Yes,Yes,Month-to-month,Yes,Credit card (automatic),101.4,6841.05,102.10522388059702,6793.8,49-72,3,0,0,1,0.6700516792933804,false_positive,False
Male,0,No,No,4,Yes,No,DSL,No,No,No,No,No,Yes,Month-to-month,Yes,Mailed check,55.3,238.5,59.625,221.2,0-6,1,0,0,1,0.7514254534720242,false_positive,False
Male,0,Yes,No,59,Yes,Yes,Fiber optic,Yes,Yes,Yes,Yes,Yes,Yes,Two year,No,Electronic check,113.75,6561.25,111.20762711864407,6711.25,49-72,6,1,0,0,0.17564600443525047,correct,False
Male,0,Yes,No,72,Yes,Yes,No,No internet service,No internet service,No internet service,No internet service,No internet service,No internet service,Two year,No,Mailed check,25.4,1710.9,23.762500000000003,1828.8,49-72,0,0,0,0,0.02060350020746212,correct,False
Male,0,No,Yes,19,Yes,No,No,No internet service,No internet service,No internet service,No internet service,No internet service,No internet service,Month-to-month,Yes,Electronic check,20.0,377.55,19.871052631578948,380.0,13-24,0,1,0,0,0.2574265188657289,correct,False
Female,0,No,No,1,Yes,No,Fiber optic,No,No,Yes,No,No,No,Month-to-month,No,Bank transfer (automatic),73.5,73.5,73.5,73.5,0-6,1,0,1,1,0.8068350308063759,correct,False
Female,0,Yes,Yes,30,No,No phone service,DSL,No,No,No,Yes,Yes,Yes,Month-to-month,No,Credit card (automatic),51.2,1561.5,52.05,1536.0,25-48,3,0,1,0,0.3887967588490624,false_negative,False
Female,0,Yes,No,2,Yes,No,Fiber optic,Yes,No,No,No,No,No,Month-to-month,Yes,Electronic check,74.4,139.4,69.7,148.8,0-6,1,1,1,1,0.8573451818969099,correct,False
Male,0,Yes,Yes,60,Yes,No,DSL,Yes,Yes,Yes,Yes,No,No,One year,Yes,Bank transfer (automatic),65.85,3928.3,65.47166666666666,3950.9999999999995,49-72,4,0,0,0,0.05589978699698532,correct,False
Male,0,No,No,44,Yes,Yes,Fiber optic,Yes,Yes,Yes,No,Yes,Yes,Month-to-month,Yes,Electronic check,111.5,4915.15,111.70795454545454,4906.0,25-48,5,1,0,1,0.6709579226836633,false_positive,False
Female,0,No,No,1,Yes,No,DSL,No,Yes,No,No,No,No,Month-to-month,Yes,Electronic check,48.6,48.6,48.6,48.6,0-6,1,1,0,1,0.7494252129048805,false_positive,False
Male,0,Yes,No,3,No,No phone service,DSL,No,No,No,Yes,No,No,Month-to-month,Yes,Electronic check,29.9,92.25,30.75,89.69999999999999,0-6,1,1,0,1,0.8007567420442069,false_positive,False
Male,1,Yes,No,71,Yes,Yes,No,No internet service,No internet service,No internet service,No internet service,No internet service,No internet service,Two year,No,Bank transfer (automatic),24.85,1901.0,26.774647887323944,1764.3500000000001,49-72,0,0,0,0,0.024616123433538792,correct,False
Female,0,No,No,2,Yes,No,DSL,No,Yes,No,No,No,No,Month-to-month,No,Mailed check,49.2,103.7,51.85,98.4,0-6,1,0,0,1,0.583878443269077,false_positive,True
Female,0,No,No,1,No,No phone service,DSL,No,No,No,No,No,No,One year,No,Mailed check,25.85,25.85,25.85,25.85,0-6,0,0,0,1,0.5463513963252298,false_positive,True
Female,0,Yes,Yes,72,Yes,Yes,Fiber optic,Yes,Yes,Yes,Yes,Yes,Yes,Two year,Yes,Electronic check,115.5,8425.15,117.01597222222222,8316.0,49-72,6,1,0,0,0.14340767085595957,correct,False
Female,0,No,No,6,Yes,No,Fiber optic,No,Yes,No,No,No,Yes,Month-to-month,Yes,Mailed check,85.95,514.6,85.76666666666667,515.7,0-6,2,0,0,1,0.8562399829966819,false_positive,False
Female,0,No,No,1,Yes,No,Fiber optic,No,No,Yes,No,Yes,No,Month-to-month,Yes,Credit card (automatic),85.55,85.55,85.55,85.55,0-6,2,0,1,1,0.8847237637117635,correct,False
Male,1,No,No,20,Yes,No,Fiber optic,No,No,No,No,Yes,Yes,Month-to-month,No,Electronic check,89.95,1648.45,82.4225,1799.0,13-24,2,1,0,1,0.7886450458639989,false_positive,False
Male,0,No,No,1,Yes,No,Fiber optic,No,No,No,No,Yes,Yes,Month-to-month,Yes,Electronic check,88.35,88.35,88.35,88.35,0-6,2,1,1,1,0.9424579238609913,correct,False
Male,0,No,No,12,Yes,No,No,No internet service,No internet service,No internet service,No internet service,No internet service,No internet service,Month-to-month,No,Credit card (automatic),20.05,265.45,22.120833333333334,240.60000000000002,7-12,0,0,0,0,0.22416985733184763,correct,False
Male,0,No,No,9,No,No phone service,DSL,No,No,No,No,No,No,Month-to-month,Yes,Electronic check,24.95,190.25,21.13888888888889,224.54999999999998,7-12,0,1,0,1,0.7000623722441314,false_positive,False
Female,0,No,No,12,Yes,No,No,No internet service,No internet service,No internet service,No internet service,No internet service,No internet service,Month-to-month,No,Mailed check,20.1,223.6,18.633333333333333,241.20000000000002,7-12,0,0,0,0,0.21882612100801938,correct,False
Female,0,No,No,1,Yes,No,DSL,No,No,No,Yes,No,No,Month-to-month,Yes,Electronic check,49.9,49.9,49.9,49.9,0-6,1,1,0,1,0.7153069045960706,false_positive,False
Male,0,No,No,17,Yes,No,No,No internet service,No internet service,No internet service,No internet service,No internet service,No internet service,One year,Yes,Bank transfer (automatic),19.65,351.55,20.679411764705883,334.04999999999995,13-24,0,0,0,0,0.1291140847771186,correct,False
Female,0,No,No,12,Yes,Yes,Fiber optic,No,No,No,Yes,No,No,Month-to-month,Yes,Credit card (automatic),79.55,958.25,79.85416666666667,954.5999999999999,7-12,1,0,0,1,0.7052607831924063,false_positive,False
Male,0,No,No,12,Yes,Yes,Fiber optic,No,Yes,Yes,No,Yes,Yes,Month-to-month,Yes,Electronic check,106.7,1253.9,104.49166666666667,1280.4,7-12,4,1,1,1,0.8800216947221782,correct,False
Female,0,No,No,15,Yes,Yes,DSL,Yes,No,No,No,No,No,Month-to-month,Yes,Mailed check,55.7,899.8,59.986666666666665,835.5,13-24,1,0,1,0,0.4092408056751565,false_negative,True
Male,0,Yes,No,71,Yes,Yes,Fiber optic,Yes,Yes,Yes,No,Yes,No,Two year,Yes,Electronic check,99.0,6994.6,98.51549295774649,7029.0,49-72,4,1,0,0,0.1795750506019664,correct,False
Female,0,Yes,No,30,Yes,Yes,Fiber optic,No,No,No,No,No,Yes,Month-to-month,Yes,Electronic check,85.0,2624.25,87.475,2550.0,25-48,1,1,1,1,0.7823686549445461,correct,False
Male,0,No,Yes,33,Yes,No,No,No internet service,No internet service,No internet service,No internet service,No internet service,No internet service,One year,Yes,Mailed check,20.15,682.15,20.671212121212122,664.9499999999999,25-48,0,0,0,0,0.07504310695188607,correct,False
Female,0,No,No,1,Yes,No,No,No internet service,No internet service,No internet service,No internet service,No internet service,No internet service,Month-to-month,No,Mailed check,19.9,19.9,19.9,19.9,0-6,0,0,0,0,0.41276811950625647,correct,True
Female,0,Yes,Yes,62,Yes,Yes,DSL,No,No,No,No,Yes,Yes,Month-to-month,Yes,Credit card (automatic),70.45,4300.45,69.36209677419355,4367.900000000001,49-72,2,0,0,0,0.39179621794860614,correct,False
Female,0,Yes,Yes,72,Yes,Yes,Fiber optic,Yes,Yes,Yes,Yes,Yes,Yes,Two year,Yes,Credit card (automatic),116.8,8456.75,117.45486111111111,8409.6,49-72,6,0,0,0,0.1012749582321148,correct,False
Female,0,Yes,Yes,30,Yes,No,DSL,Yes,No,No,Yes,No,Yes,Month-to-month,No,Bank transfer (automatic),66.3,1923.5,64.11666666666666,1989.0,25-48,3,0,0,0,0.17338826619985365,correct,False
Female,0,No,Yes,3,Yes,No,No,No internet service,No internet service,No internet service,No internet service,No internet service,No internet service,One year,Yes,Credit card (automatic),20.55,57.4,19.133333333333333,61.650000000000006,0-6,0,0,0,0,0.26708477774595274,correct,False
Female,0,Yes,Yes,28,Yes,Yes,Fiber optic,No,No,No,Yes,No,Yes,One year,Yes,Electronic check,90.45,2509.25,89.61607142857143,2532.6,25-48,2,1,0,1,0.5213186794810423,false_positive,True
Male,0,No,No,30,Yes,Yes,Fiber optic,Yes,Yes,No,No,No,Yes,Month-to-month,Yes,Credit card (automatic),94.3,2679.7,89.32333333333332,2829.0,25-48,3,0,0,1,0.6047067031975589,false_positive,False
Female,0,Yes,Yes,12,Yes,No,No,No internet service,No internet service,No internet service,No internet service,No internet service,No internet service,Month-to-month,No,Mailed check,19.0,233.55,19.462500000000002,228.0,7-12,0,0,1,0,0.19417240279599912,false_negative,False
Male,0,No,No,51,Yes,Yes,No,No internet service,No internet service,No internet service,No internet service,No internet service,No internet service,One year,Yes,Bank transfer (automatic),24.6,1266.4,24.83137254901961,1254.6000000000001,49-72,0,0,0,0,0.1028083704735655,correct,False
Female,0,No,No,15,No,No phone service,DSL,Yes,Yes,Yes,Yes,No,No,One year,No,Mailed check,45.9,693.45,46.230000000000004,688.5,13-24,4,0,0,0,0.1487727360918868,correct,False
Male,0,Yes,Yes,72,Yes,Yes,No,No internet service,No internet service,No internet service,No internet service,No internet service,No internet service,Two year,Yes,Credit card (automatic),25.1,1790.8,24.87222222222222,1807.2,49-72,0,0,0,0,0.02371492752556224,correct,False
Male,0,No,No,32,Yes,Yes,Fiber optic,Yes,Yes,No,Yes,Yes,Yes,Month-to-month,Yes,Credit card (automatic),108.15,3432.9,107.278125,3460.8,25-48,5,0,1,1,0.5997104386544262,correct,True
Female,1,No,No,6,Yes,No,Fiber optic,Yes,No,No,No,No,No,Month-to-month,Yes,Electronic check,74.1,450.9,75.14999999999999,444.59999999999997,0-6,1,1,0,1,0.8603379101529831,false_positive,False
Male,0,Yes,No,63,Yes,No,DSL,Yes,Yes,No,Yes,Yes,No,One year,No,Credit card (automatic),70.8,4448.8,70.61587301587302,4460.4,49-72,4,0,0,0,0.06096769077122275,correct,False
Female,1,No,No,11,Yes,Yes,Fiber optic,No,No,No,No,Yes,Yes,Month-to-month,Yes,Bank transfer (automatic),95.15,997.65,90.69545454545454,1046.65,7-12,2,0,1,1,0.8735476161463629,correct,False
Male,0,No,No,19,Yes,No,DSL,No,No,No,Yes,Yes,No,Month-to-month,Yes,Credit card (automatic),61.55,1093.2,57.53684210526316,1169.45,13-24,2,0,0,0,0.40265097724001153,correct,True
Male,0,Yes,Yes,64,Yes,No,DSL,Yes,No,Yes,No,Yes,Yes,One year,Yes,Credit card (automatic),73.05,4688.65,73.26015625,4675.2,49-72,4,0,0,0,0.1413683766193246,correct,False
Female,0,Yes,Yes,7,Yes,No,DSL,Yes,Yes,Yes,No,Yes,No,One year,No,Electronic check,69.45,477.05,68.15,486.15000000000003,7-12,4,1,0,0,0.2628242907480323,correct,False
Female,1,No,No,4,Yes,No,No,No internet service,No internet service,No internet service,No internet service,No internet service,No internet service,Month-to-month,No,Mailed check,20.05,91.45,22.8625,80.2,0-6,0,0,0,0,0.4323998177470912,correct,True
Male,0,No,No,7,Yes,No,No,No internet service,No internet service,No internet service,No internet service,No internet service,No internet service,Month-to-month,Yes,Mailed check,19.95,147.5,21.071428571428573,139.65,7-12,0,0,0,0,0.31594960641339914,correct,False
Male,0,No,No,4,Yes,No,Fiber optic,No,No,Yes,Yes,No,Yes,Month-to-month,Yes,Electronic check,90.4,356.65,89.1625,361.6,0-6,3,1,0,1,0.8917042966578645,false_positive,False
Female,0,No,No,3,Yes,No,Fiber optic,Yes,No,No,No,No,No,Month-to-month,Yes,Electronic check,74.55,233.65,77.88333333333334,223.64999999999998,0-6,1,1,0,1,0.8478743063392279,false_positive,False
Female,1,No,No,65,No,No phone service,DSL,No,Yes,Yes,No,Yes,Yes,Two year,Yes,Bank transfer (automatic),53.5,3517.9,54.121538461538464,3477.5,49-72,4,0,0,0,0.1450874967567653,correct,False
Male,0,Yes,Yes,42,Yes,No,DSL,Yes,No,No,Yes,No,Yes,One year,No,Credit card (automatic),63.7,2763.35,65.79404761904762,2675.4,25-48,3,0,0,0,0.077167722421197,correct,False
Male,0,No,No,26,Yes,No,DSL,Yes,No,No,Yes,Yes,Yes,One year,No,Bank transfer (automatic),75.0,1908.35,73.39807692307691,1950.0,25-48,4,0,0,0,0.1577347337223403,correct,False
Female,0,No,No,48,Yes,Yes,No,No internet service,No internet service,No internet service,No internet service,No internet service,No internet service,One year,No,Credit card (automatic),25.05,1171.5,24.40625,1202.4,25-48,0,0,0,0,0.061983297849660356,correct,False
Male,0,Yes,Yes,69,Yes,Yes,Fiber optic,No,No,No,Yes,Yes,Yes,Two year,Yes,Electronic check,99.35,6856.45,99.36884057971014,6855.15,49-72,3,1,0,0,0.2370900761851936,correct,False
Male,0,Yes,Yes,17,No,No phone service,DSL,Yes,No,Yes,No,Yes,No,One year,No,Credit card (automatic),44.45,792.15,46.59705882352941,755.6500000000001,13-24,3,0,0,0,0.23565770268969122,correct,False
Female,0,Yes,Yes,1,Yes,No,No,No internet service,No internet service,No internet service,No internet service,No internet service,No internet service,Month-to-month,Yes,Electronic check,21.0,21.0,21.0,21.0,0-6,0,1,1,1,0.5418266478888727,correct,True
Female,0,No,No,4,Yes,No,Fiber optic,No,Yes,No,No,No,No,Month-to-month,Yes,Bank transfer (automatic),76.65,333.6,83.4,306.6,0-6,1,0,1,1,0.8143846460007894,correct,False
Female,1,No,No,34,Yes,Yes,Fiber optic,No,Yes,No,Yes,Yes,No,Month-to-month,Yes,Electronic check,96.35,3190.25,93.83088235294117,3275.8999999999996,25-48,3,1,0,1,0.6946899118747363,false_positive,False
Female,0,No,No,2,Yes,No,Fiber optic,No,No,No,No,No,No,Month-to-month,No,Electronic check,70.35,139.25,69.625,140.7,0-6,0,1,0,1,0.8506535236626368,false_positive,False
Female,0,Yes,Yes,1,Yes,No,DSL,No,No,Yes,No,No,No,Month-to-month,No,Mailed check,50.45,50.45,50.45,50.45,0-6,1,0,1,1,0.5785360592945261,correct,True
Female,0,No,No,12,Yes,No,No,No internet service,No internet service,No internet service,No internet service,No internet service,No internet service,Month-to-month,No,Mailed check,20.3,246.7,20.558333333333334,243.60000000000002,7-12,0,0,0,0,0.21777990997677837,correct,False
Male,0,No,No,38,Yes,No,Fiber optic,No,No,No,No,No,No,Month-to-month,Yes,Credit card (automatic),69.5,2625.25,69.08552631578948,2641.0,25-48,0,0,0,1,0.5230788308731528,false_positive,True
Female,0,Yes,Yes,31,Yes,Yes,DSL,No,Yes,No,Yes,Yes,Yes,Two year,No,Bank transfer (automatic),80.55,2471.6,79.7290322580645,2497.0499999999997,25-48,4,0,0,0,0.08638699681508526,correct,False
Female,0,Yes,Yes,67,Yes,Yes,Fiber optic,Yes,No,Yes,Yes,Yes,Yes,Two year,Yes,Credit card (automatic),108.75,7156.2,106.80895522388059,7286.25,49-72,5,0,1,0,0.13505489249216301,false_negative,False
Male,0,Yes,Yes,22,Yes,Yes,Fiber optic,No,No,Yes,No,Yes,No,Month-to-month,Yes,Electronic check,88.75,1885.15,85.68863636363636,1952.5,13-24,2,1,0,1,0.7883675380749731,false_positive,False
Female,0,Yes,No,63,Yes,Yes,Fiber optic,No,No,No,Yes,No,No,One year,Yes,Credit card (automatic),81.2,4965.1,78.81111111111112,5115.6,49-72,1,0,0,0,0.27111834824912423,correct,False
Female,0,No,No,70,Yes,No,DSL,Yes,No,Yes,Yes,Yes,Yes,Two year,No,Bank transfer (automatic),79.6,5589.45,79.84928571428571,5572.0,49-72,5,0,0,0,0.0332979402012968,correct,False
Male,0,No,No,1,Yes,No,No,No internet service,No internet service,No internet service,No internet service,No internet service,No internet service,Month-to-month,No,Mailed check,20.45,20.45,20.45,20.45,0-6,0,0,0,0,0.4177143998687546,correct,True
Female,0,Yes,Yes,49,Yes,Yes,Fiber optic,No,Yes,No,No,Yes,Yes,One year,No,Mailed check,100.45,4941.8,100.8530612244898,4922.05,49-72,3,0,1,0,0.3908915114448029,false_negative,False
Female,1,Yes,No,71,Yes,No,Fiber optic,No,Yes,Yes,No,No,Yes,Two year,No,Credit card (automatic),89.45,6435.25,90.63732394366197,6350.95,49-72,3,0,0,0,0.11367133073209952,correct,False
Female,0,Yes,Yes,23,Yes,No,DSL,Yes,Yes,Yes,Yes,No,No,One year,Yes,Mailed check,66.25,1533.8,66.68695652173913,1523.75,13-24,4,0,0,0,0.09860454561566125,correct,False
Male,0,Yes,Yes,72,Yes,Yes,DSL,Yes,Yes,Yes,Yes,Yes,Yes,Two year,Yes,Credit card (automatic),90.8,6397.6,88.85555555555555,6537.599999999999,49-72,6,0,0,0,0.045448975478377354,correct,False
Female,0,Yes,Yes,72,Yes,Yes,DSL,Yes,No,Yes,No,Yes,No,Two year,Yes,Bank transfer (automatic),71.45,5025.85,69.80347222222223,5144.400000000001,49-72,3,0,0,0,0.04768774173591097,correct,False
Female,0,No,No,2,Yes,No,Fiber optic,No,No,No,No,No,No,Month-to-month,No,Bank transfer (automatic),69.75,144.55,72.275,139.5,0-6,0,0,1,1,0.7970317205426609,correct,False
Female,0,No,No,42,Yes,No,DSL,Yes,Yes,Yes,No,No,No,Month-to-month,No,Bank transfer (automatic),59.65,2536.55,60.394047619047626,2505.2999999999997,25-48,3,0,0,0,0.14126144000486526,correct,False
Female,0,Yes,Yes,47,Yes,No,No,No internet service,No internet service,No internet service,No internet service,No internet service,No internet service,Two year,No,Mailed check,19.75,948.9,20.18936170212766,928.25,25-48,0,0,0,0,0.016982711592547082,correct,False
Male,0,No,Yes,29,Yes,No,No,No internet service,No internet service,No internet service,No internet service,No internet service,No internet service,One year,No,Mailed check,19.85,535.05,18.45,575.6500000000001,25-48,0,0,0,0,0.059750494816015,correct,False
Female,0,Yes,Yes,72,No,No phone service,DSL,Yes,Yes,Yes,Yes,Yes,Yes,Two year,Yes,Bank transfer (automatic),63.8,4684.3,65.05972222222222,4593.599999999999,49-72,6,0,0,0,0.05102954320809169,correct,False
Male,0,No,No,1,Yes,No,Fiber optic,No,No,No,No,No,No,Month-to-month,Yes,Electronic check,69.55,69.55,69.55,69.55,0-6,0,1,1,1,0.8966157249967495,correct,False
Male,0,No,No,40,Yes,No,DSL,No,No,No,Yes,No,No,Month-to-month,Yes,Electronic check,51.1,2092.9,52.322500000000005,2044.0,25-48,1,1,0,0,0.3048505980719955,correct,False
Male,0,No,No,1,Yes,Yes,DSL,No,No,Yes,Yes,No,No,Month-to-month,No,Mailed check,62.05,62.05,62.05,62.05,0-6,2,0,1,1,0.6258910293508828,correct,False
Female,1,No,No,1,Yes,No,Fiber optic,No,No,Yes,No,No,Yes,Month-to-month,Yes,Electronic check,85.0,85.0,85.0,85.0,0-6,2,1,1,1,0.9309843025582307,correct,False
Male,0,Yes,Yes,70,Yes,Yes,Fiber optic,No,Yes,No,No,Yes,Yes,Two year,No,Bank transfer (automatic),98.3,6859.5,97.99285714285715,6881.0,49-72,3,0,1,0,0.14771852672158226,false_negative,False
Male,0,No,No,49,Yes,No,No,No internet service,No internet service,No internet service,No internet service,No internet service,No internet service,Two year,Yes,Credit card (automatic),19.9,1022.6,20.869387755102043,975.0999999999999,49-72,0,0,0,0,0.035232083092758326,correct,False
Male,0,No,No,17,Yes,No,Fiber optic,No,No,Yes,No,No,No,Month-to-month,Yes,Electronic check,76.65,1313.55,77.26764705882353,1303.0500000000002,13-24,1,1,1,1,0.7170360339442312,correct,False
Male,0,No,No,33,Yes,No,DSL,No,Yes,Yes,No,Yes,No,Month-to-month,Yes,Credit card (automatic),66.4,2245.4,68.04242424242425,2191.2000000000003,25-48,3,0,0,0,0.35770572353844904,correct,False
Male,1,Yes,No,17,Yes,Yes,Fiber optic,No,No,Yes,No,Yes,Yes,Month-to-month,Yes,Credit card (automatic),100.45,1622.45,95.43823529411765,1707.65,13-24,3,0,1,1,0.8479780253392682,correct,False
Male,0,Yes,Yes,21,Yes,Yes,DSL,Yes,No,No,No,Yes,Yes,One year,Yes,Bank transfer (automatic),75.9,1549.75,73.79761904761905,1593.9,13-24,3,0,0,0,0.3135845093352979,correct,False
Female,0,No,No,35,Yes,Yes,DSL,Yes,No,Yes,Yes,Yes,Yes,One year,Yes,Credit card (automatic),85.95,3110.1,88.86,3008.25,25-48,5,0,1,0,0.22133338393654556,false_negative,False
Female,0,No,No,12,No,No phone service,DSL,No,Yes,Yes,Yes,Yes,Yes,One year,No,Electronic check,60.65,743.3,61.94166666666666,727.8,7-12,5,1,0,0,0.4569554126296191,correct,True
Female,0,Yes,No,9,Yes,No,DSL,No,Yes,No,No,No,No,Month-to-month,No,Mailed check,50.85,466.6,51.84444444444445,457.65000000000003,7-12,1,0,0,0,0.3829222491850992,correct,False
Female,0,Yes,Yes,72,Yes,Yes,No,No internet service,No internet service,No internet service,No internet service,No internet service,No internet service,Two year,No,Bank transfer (automatic),24.45,1709.1,23.737499999999997,1760.3999999999999,49-72,0,0,0,0,0.016351294893296606,correct,False
Male,1,Yes,No,18,Yes,No,DSL,Yes,No,No,No,No,Yes,Month-to-month,Yes,Credit card (automatic),59.1,1011.05,56.169444444444444,1063.8,13-24,2,0,0,0,0.4589262821764358,correct,True
Female,0,Yes,No,58,Yes,Yes,Fiber optic,Yes,Yes,No,Yes,Yes,Yes,Two year,Yes,Credit card (automatic),109.1,6393.65,110.2353448275862,6327.799999999999,49-72,5,0,0,0,0.16905801892407052,correct,False
Female,1,No,Yes,30,Yes,Yes,Fiber optic,No,No,No,Yes,Yes,Yes,Month-to-month,Yes,Electronic check,101.3,2974.5,99.15,3039.0,25-48,3,1,0,1,0.7626725784526993,false_positive,False
Male,0,Yes,Yes,56,Yes,Yes,Fiber optic,Yes,Yes,Yes,Yes,Yes,Yes,Two year,No,Mailed check,115.85,6567.9,117.28392857142856,6487.599999999999,49-72,6,0,0,0,0.10885106170943747,correct,False
Male,0,No,No,10,Yes,No,Fiber optic,No,No,Yes,No,Yes,Yes,Month-to-month,Yes,Electronic check,94.9,1048.85,104.88499999999999,949.0,7-12,3,1,1,1,0.8690027028928985,correct,False
Female,0,Yes,No,2,No,No phone service,DSL,No,No,No,No,No,Yes,Month-to-month,Yes,Electronic check,35.1,68.75,34.375,70.2,0-6,1,1,1,1,0.8793902131298489,correct,False
Female,0,Yes,Yes,18,Yes,Yes,No,No internet service,No internet service,No internet service,No internet service,No internet service,No internet service,Two year,Yes,Credit card (automatic),24.65,471.35,26.186111111111114,443.7,13-24,0,0,0,0,0.06370865795151358,correct,False
Female,0,Yes,Yes,51,No,No phone service,DSL,No,No,Yes,Yes,Yes,Yes,One year,Yes,Electronic check,56.15,2898.95,56.84215686274509,2863.65,49-72,4,1,0,0,0.32862730325077233,correct,False
Male,0,Yes,No,60,Yes,Yes,Fiber optic,Yes,No,Yes,Yes,Yes,Yes,Month-to-month,Yes,Bank transfer (automatic),109.45,6572.85,109.5475,6567.0,49-72,5,0,0,1,0.5342895067385897,false_positive,True
Female,0,Yes,Yes,24,Yes,No,DSL,Yes,No,No,Yes,No,No,Month-to-month,No,Electronic check,55.15,1319.85,54.99375,1323.6,13-24,2,1,0,0,0.21047794973247802,correct,False
Male,0,Yes,No,70,Yes,Yes,Fiber optic,Yes,Yes,Yes,Yes,Yes,Yes,One year,No,Credit card (automatic),115.65,7968.85,113.84071428571428,8095.5,49-72,6,0,1,0,0.2083493676169625,false_negative,False
Male,0,No,No,12,Yes,No,DSL,No,Yes,No,Yes,No,No,Month-to-month,Yes,Mailed check,53.75,648.65,54.05416666666667,645.0,7-12,2,0,0,0,0.38942603601961695,correct,False
Male,0,Yes,Yes,25,Yes,No,DSL,Yes,Yes,Yes,No,No,No,One year,Yes,Bank transfer (automatic),61.6,1611.0,64.44,1540.0,25-48,3,0,0,0,0.12218743881885151,correct,False
Male,0,No,No,36,Yes,No,No,No internet service,No internet service,No internet service,No internet service,No internet service,No internet service,One year,Yes,Credit card (automatic),20.35,695.85,19.329166666666666,732.6,25-48,0,0,0,0,0.08517681077093305,correct,False
Male,0,Yes,Yes,11,Yes,No,Fiber optic,No,No,No,No,Yes,Yes,Month-to-month,No,Electronic check,90.6,1020.2,92.74545454545455,996.5999999999999,7-12,2,1,0,1,0.7914023285962037,false_positive,False
Male,0,Yes,Yes,7,Yes,No,Fiber optic,No,Yes,No,Yes,Yes,No,Month-to-month,Yes,Electronic check,89.75,608.8,86.97142857142856,628.25,7-12,3,1,1,1,0.740728308513776,correct,False
Female,1,Yes,No,26,Yes,Yes,Fiber optic,No,No,Yes,No,Yes,Yes,Month-to-month,Yes,Bank transfer (automatic),98.1,2510.7,96.5653846153846,2550.6,25-48,3,0,0,1,0.817151732524553,false_positive,False
Male,0,No,No,41,Yes,No,Fiber optic,No,No,No,Yes,No,No,Month-to-month,Yes,Electronic check,74.25,3089.1,75.34390243902439,3044.25,25-48,1,1,0,1,0.5262736792183703,false_positive,True
Female,1,No,No,57,No,No phone service,DSL,No,Yes,Yes,No,Yes,Yes,Month-to-month,Yes,Electronic check,55.0,3094.05,54.28157894736842,3135.0,49-72,4,1,0,1,0.593773487177489,false_positive,True
Female,0,Yes,Yes,28,Yes,No,Fiber optic,No,No,No,No,Yes,Yes,One year,Yes,Bank transfer (automatic),90.1,2598.95,92.81964285714285,2522.7999999999997,25-48,2,0,1,0,0.4933345002117428,false_negative,True
Female,0,No,No,10,Yes,No,DSL,No,Yes,No,Yes,No,Yes,One year,No,Mailed check,64.9,685.55,68.55499999999999,649.0,7-12,3,0,0,0,0.22667410838378424,correct,False
Female,0,No,No,41,Yes,Yes,DSL,No,Yes,No,No,No,No,One year,Yes,Credit card (automatic),56.3,2364.0,57.65853658536585,2308.2999999999997,25-48,1,0,0,0,0.17897139060911846,correct,False
Female,0,No,No,22,Yes,No,Fiber optic,Yes,No,No,Yes,No,Yes,Month-to-month,Yes,Electronic check,89.05,1886.25,85.73863636363636,1959.1,13-24,3,1,0,1,0.6229814830719373,false_positive,False
Female,0,No,No,57,Yes,Yes,Fiber optic,Yes,Yes,Yes,No,Yes,Yes,Two year,Yes,Bank transfer (automatic),112.95,6465.0,113.42105263157895,6438.150000000001,49-72,5,0,1,0,0.1966877743214154,false_negative,False
Male,0,No,No,13,Yes,No,No,No internet service,No internet service,No internet service,No internet service,No internet service,No internet service,One year,No,Mailed check,19.45,270.2,20.784615384615385,252.85,13-24,0,0,0,0,0.10480136472747931,correct,False
Female,0,Yes,Yes,61,Yes,Yes,Fiber optic,Yes,Yes,Yes,No,No,Yes,One year,Yes,Credit card (automatic),100.7,6018.65,98.66639344262295,6142.7,49-72,4,0,0,0,0.26393694768354287,correct,False
Female,0,Yes,Yes,1,Yes,No,No,No internet service,No internet service,No internet service,No internet service,No internet service,No internet service,Month-to-month,No,Mailed check,20.05,20.05,20.05,20.05,0-6,0,0,0,0,0.3708945663868234,correct,False
Female,0,Yes,Yes,18,Yes,No,No,No internet service,No internet service,No internet service,No internet service,No internet service,No internet service,Two year,No,Mailed check,19.35,309.25,17.180555555555557,348.3,13-24,0,0,0,0,0.03409987883654414,correct,False
Male,0,No,No,6,Yes,Yes,Fiber optic,No,No,No,Yes,No,Yes,Month-to-month,Yes,Bank transfer (automatic),87.95,522.35,87.05833333333334,527.7,0-6,2,0,0,1,0.8851390983946126,false_positive,False
Female,0,No,No,7,Yes,No,DSL,No,No,No,Yes,Yes,No,Month-to-month,Yes,Mailed check,59.5,415.95,59.42142857142857,416.5,7-12,2,0,1,1,0.5140546546136892,correct,True
Female,0,Yes,Yes,9,Yes,Yes,DSL,No,Yes,No,No,No,No,Month-to-month,Yes,Mailed check,55.3,501.2,55.68888888888889,497.7,7-12,1,0,0,0,0.497202680047122,correct,True
Male,1,Yes,Yes,1,Yes,No,DSL,No,No,No,Yes,No,No,Month-to-month,Yes,Credit card (automatic),49.25,49.25,49.25,49.25,0-6,1,0,1,1,0.6424590119194626,correct,False
Male,0,No,No,9,Yes,No,Fiber optic,No,No,No,No,No,Yes,Month-to-month,Yes,Electronic check,80.8,713.1,79.23333333333333,727.1999999999999,7-12,1,1,1,1,0.833169129379474,correct,False
Female,0,Yes,No,49,Yes,No,No,No internet service,No internet service,No internet service,No internet service,No internet service,No internet service,One year,No,Bank transfer (automatic),20.45,900.9,18.385714285714286,1002.05,49-72,0,0,0,0,0.057593885605712505,correct,False
Female,0,No,No,15,Yes,No,Fiber optic,Yes,Yes,No,No,Yes,Yes,Month-to-month,Yes,Credit card (automatic),99.1,1426.4,95.09333333333333,1486.5,13-24,4,0,1,1,0.676636062356029,correct,False
Female,0,Yes,Yes,30,Yes,No,No,No internet service,No internet service,No internet service,No internet service,No internet service,No internet service,One year,No,Bank transfer (automatic),19.55,608.5,20.283333333333335,586.5,25-48,0,0,0,0,0.05838879865381958,correct,False
Female,1,Yes,No,70,Yes,Yes,Fiber optic,No,No,No,No,No,No,Two year,Yes,Credit card (automatic),75.65,5411.4,77.30571428571427,5295.5,49-72,0,0,0,0,0.1712379585215734,correct,False
Male,0,No,No,25,Yes,No,Fiber optic,Yes,No,Yes,Yes,Yes,Yes,Month-to-month,Yes,Electronic check,105.5,2686.05,107.44200000000001,2637.5,25-48,5,1,0,1,0.6720829774444933,false_positive,False
Female,0,Yes,Yes,49,No,No phone service,DSL,Yes,No,No,Yes,No,No,One year,Yes,Credit card (automatic),35.8,1782.0,36.36734693877551,1754.1999999999998,49-72,2,0,0,0,0.11856139967766831,correct,False
Male,0,No,No,18,No,No phone service,DSL,No,No,No,No,No,No,Month-to-month,No,Mailed check,25.15,476.8,26.48888888888889,452.7,13-24,0,0,0,0,0.43736077119392425,correct,True
Female,0,No,No,25,Yes,No,No,No internet service,No internet service,No internet service,No internet service,No internet service,No internet service,Month-to-month,Yes,Credit card (automatic),19.2,532.1,21.284000000000002,480.0,25-48,0,0,0,0,0.1998993294607766,correct,False
Male,0,No,Yes,23,No,No phone service,DSL,Yes,No,Yes,Yes,No,No,Two year,No,Mailed check,40.1,857.75,37.29347826086956,922.3000000000001,13-24,3,0,0,0,0.05568404754990659,correct,False
Male,0,Yes,Yes,67,Yes,No,Fiber optic,No,Yes,Yes,Yes,Yes,Yes,Two year,No,Bank transfer (automatic),103.15,6895.5,102.91791044776119,6911.05,49-72,5,0,0,0,0.09315601369502342,correct,False
Male,0,Yes,Yes,35,Yes,No,No,No internet service,No internet service,No internet service,No internet service,No internet service,No internet service,Two year,No,Bank transfer (automatic),20.5,759.35,21.695714285714285,717.5,25-48,0,0,0,0,0.022568845635671964,correct,False
Male,0,No,No,1,Yes,No,DSL,No,No,No,No,No,No,Month-to-month,Yes,Mailed check,45.85,45.85,45.85,45.85,0-6,0,0,1,1,0.7011977401182489,correct,False
Male,0,Yes,No,72,Yes,Yes,Fiber optic,Yes,Yes,Yes,Yes,Yes,Yes,Two year,No,Credit card (automatic),114.45,8375.05,116.32013888888888,8240.4,49-72,6,0,0,0,0.09652802441016978,correct,False
Female,0,No,No,1,Yes,No,No,No internet service,No internet service,No internet service,No internet service,No internet service,No internet service,Month-to-month,No,Electronic check,20.7,20.7,20.7,20.7,0-6,0,1,0,0,0.4997644270146621,correct,True
Male,1,Yes,Yes,60,Yes,Yes,Fiber optic,Yes,No,No,No,No,No,Month-to-month,Yes,Electronic check,80.95,4859.1,80.985,4857.0,49-72,1,1,0,1,0.5247612256240146,false_positive,True
Female,0,No,No,7,Yes,No,DSL,Yes,No,No,No,No,Yes,One year,Yes,Electronic check,59.1,369.25,52.75,413.7,7-12,2,1,0,0,0.4165266403764561,correct,True
Male,0,No,No,64,Yes,No,No,No internet service,No internet service,No internet service,No internet service,No internet service,No internet service,Two year,No,Mailed check,19.55,1240.15,19.37734375,1251.2,49-72,0,0,0,0,0.017825641630478697,correct,False
Female,0,No,No,15,Yes,No,DSL,No,Yes,No,No,No,No,Month-to-month,No,Electronic check,48.85,736.8,49.12,732.75,13-24,1,1,0,0,0.4004647406995453,correct,True
Male,0,Yes,Yes,2,Yes,No,No,No internet service,No internet service,No internet service,No internet service,No internet service,No internet service,One year,No,Mailed check,19.85,35.9,17.95,39.7,0-6,0,0,1,0,0.22315621629803198,false_negative,False
Female,0,No,No,13,Yes,Yes,DSL,Yes,No,Yes,No,Yes,Yes,Month-to-month,Yes,Electronic check,78.75,995.35,76.56538461538462,1023.75,13-24,4,1,0,1,0.6718813369633855,false_positive,False
Male,0,No,No,26,Yes,Yes,Fiber optic,No,No,Yes,No,Yes,Yes,Month-to-month,Yes,Electronic check,98.35,2515.3,96.7423076923077,2557.1,25-48,3,1,1,1,0.8465397717600971,correct,False
Female,0,Yes,No,52,No,No phone service,DSL,Yes,No,Yes,No,No,No,One year,No,Mailed check,35.45,1958.95,37.67211538461539,1843.4,49-72,2,0,0,0,0.12883874668917333,correct,False
Male,0,No,No,1,Yes,No,No,No internet service,No internet service,No internet service,No internet service,No internet service,No internet service,Month-to-month,Yes,Bank transfer (automatic),20.2,20.2,20.2,20.2,0-6,0,0,1,1,0.5022453433627236,correct,True
Female,1,No,No,15,Yes,Yes,Fiber optic,No,Yes,No,No,No,Yes,Month-to-month,No,Electronic check,89.85,1424.95,94.99666666666667,1347.75,13-24,2,1,1,1,0.7815373967489707,correct,False
Female,0,No,No,2,Yes,Yes,Fiber optic,No,No,No,No,No,No,Month-to-month,No,Credit card (automatic),74.9,147.15,73.575,149.8,0-6,0,0,1,1,0.8454486355151309,correct,False
Female,0,Yes,Yes,31,Yes,Yes,Fiber optic,No,Yes,No,No,No,Yes,Month-to-month,Yes,Electronic check,91.15,2995.45,96.62741935483871,2825.65,25-48,2,1,1,1,0.7056886547229879,correct,False
Male,0,No,No,26,Yes,No,Fiber optic,No,Yes,No,No,No,No,One year,No,Bank transfer (automatic),75.5,2018.1,77.61923076923077,1963.0,25-48,1,0,0,0,0.2922354355369919,correct,False
Female,0,No,No,10,No,No phone service,DSL,Yes,No,No,No,No,No,Month-to-month,No,Mailed check,29.75,301.9,30.189999999999998,297.5,7-12,1,0,0,0,0.42948003516795263,correct,True
Male,0,No,No,1,Yes,No,No,No internet service,No internet service,No internet service,No internet service,No internet service,No internet service,Month-to-month,No,Mailed check,20.05,20.05,20.05,20.05,0-6,0,0,0,0,0.4198383770025472,correct,True
Female,1,No,No,2,Yes,No,Fiber optic,No,No,No,No,No,Yes,Month-to-month,Yes,Electronic check,79.6,195.05,97.525,159.2,0-6,1,1,1,1,0.9281019902944563,correct,False
Male,0,No,No,2,Yes,No,No,No internet service,No internet service,No internet service,No internet service,No internet service,No internet service,One year,No,Credit card (automatic),19.3,28.3,14.15,38.6,0-6,0,0,1,0,0.2577381432917877,false_negative,False
Female,0,Yes,No,13,No,No phone service,DSL,No,No,Yes,No,Yes,Yes,Month-to-month,Yes,Bank transfer (automatic),48.75,633.4,48.723076923076924,633.75,13-24,3,0,1,1,0.7026206458332237,correct,False
Male,0,Yes,Yes,33,Yes,No,DSL,Yes,No,Yes,No,Yes,Yes,One year,No,Credit card (automatic),74.75,2453.3,74.34242424242424,2466.75,25-48,4,0,0,0,0.1545735286477621,correct,False
Female,1,No,No,46,Yes,No,Fiber optic,No,Yes,Yes,No,Yes,No,One year,Yes,Bank transfer (automatic),91.3,4126.35,89.70326086956523,4199.8,25-48,3,0,0,0,0.35495276733105835,correct,False
Female,0,No,No,13,No,No phone service,DSL,No,No,Yes,No,Yes,Yes,Month-to-month,No,Electronic check,49.15,649.4,49.95384615384615,638.9499999999999,13-24,3,1,0,1,0.6994539403975536,false_positive,False
Female,1,No,No,37,Yes,Yes,Fiber optic,Yes,Yes,No,No,Yes,Yes,Month-to-month,Yes,Bank transfer (automatic),106.75,4056.75,109.64189189189189,3949.75,25-48,4,0,1,1,0.6473242236290668,correct,False
Female,0,Yes,Yes,61,Yes,No,No,No internet service,No internet service,No internet service,No internet service,No internet service,No internet service,One year,No,Credit card (automatic),19.1,1143.8,18.750819672131147,1165.1000000000001,49-72,0,0,0,0,0.037272901815891775,correct,False
Male,0,No,No,1,Yes,No,No,No internet service,No internet service,No internet service,No internet service,No internet service,No internet service,Month-to-month,No,Mailed check,20.8,20.8,20.8,20.8,0-6,0,0,0,0,0.4158584176513162,correct,True
Female,0,Yes,Yes,9,Yes,No,Fiber optic,No,No,No,Yes,No,No,Month-to-month,Yes,Electronic check,75.85,647.5,71.94444444444444,682.65,7-12,1,1,0,1,0.6895397855340327,false_positive,False
Male,0,No,No,3,Yes,No,Fiber optic,No,No,No,No,No,No,Month-to-month,Yes,Mailed check,69.6,207.4,69.13333333333334,208.79999999999998,0-6,0,0,0,1,0.8510860798041817,false_positive,False
Male,0,Yes,No,69,Yes,No,No,No internet service,No internet service,No internet service,No internet service,No internet service,No internet service,Two year,No,Mailed check,19.9,1363.45,19.76014492753623,1373.1,49-72,0,0,0,0,0.01634699912268586,correct,False
Female,0,Yes,Yes,62,Yes,No,No,No internet service,No internet service,No internet service,No internet service,No internet service,No internet service,Two year,No,Bank transfer (automatic),20.3,1296.15,20.905645161290323,1258.6000000000001,49-72,0,0,0,0,0.014850600690995816,correct,False
Male,0,No,No,20,Yes,No,No,No internet service,No internet service,No internet service,No internet service,No internet service,No internet service,Two year,Yes,Mailed check,19.7,419.4,20.97,394.0,13-24,0,0,0,0,0.05470103119724099,correct,False
Male,0,No,No,61,Yes,Yes,Fiber optic,Yes,No,Yes,No,Yes,Yes,One year,No,Electronic check,104.0,6363.45,104.31885245901638,6344.0,49-72,4,1,0,0,0.41870880731710697,correct,True
Female,0,No,No,4,Yes,Yes,No,No internet service,No internet service,No internet service,No internet service,No internet service,No internet service,One year,No,Electronic check,23.9,97.5,24.375,95.6,0-6,0,1,0,0,0.38912228988347025,correct,False
Male,0,Yes,No,63,Yes,Yes,Fiber optic,No,No,Yes,No,Yes,Yes,Two year,No,Electronic check,102.6,6296.75,99.9484126984127,6463.799999999999,49-72,3,1,0,0,0.28169642629835995,correct,False
Male,0,No,No,50,No,No phone service,DSL,Yes,Yes,No,No,No,No,Month-to-month,Yes,Mailed check,35.0,1782.4,35.648,1750.0,49-72,2,0,0,0,0.2831464625404414,correct,False
Male,0,No,No,1,Yes,No,Fiber optic,No,No,No,No,No,Yes,Month-to-month,No,Electronic check,80.5,80.5,80.5,80.5,0-6,1,1,1,1,0.8917963454345706,correct,False
Female,0,Yes,Yes,70,Yes,No,DSL,Yes,Yes,Yes,Yes,No,Yes,One year,No,Credit card (automatic),74.1,5222.3,74.60428571428572,5187.0,49-72,5,0,0,0,0.04421583288661659,correct,False
Female,0,Yes,Yes,72,Yes,Yes,DSL,No,No,Yes,No,Yes,Yes,Two year,Yes,Bank transfer (automatic),76.8,5468.45,75.95069444444444,5529.599999999999,49-72,3,0,0,0,0.08910130949634576,correct,False
Female,0,No,No,35,Yes,No,DSL,Yes,Yes,Yes,No,No,No,Month-to-month,No,Electronic check,60.55,1982.6,56.645714285714284,2119.25,25-48,3,1,0,0,0.21857246144920603,correct,False
Male,0,No,No,12,Yes,Yes,DSL,Yes,Yes,No,Yes,No,No,Month-to-month,Yes,Electronic check,67.25,832.3,69.35833333333333,807.0,7-12,3,1,0,0,0.45018336283712107,correct,True
Female,0,Yes,No,56,Yes,Yes,Fiber optic,Yes,Yes,Yes,No,Yes,Yes,One year,No,Bank transfer (automatic),109.8,6109.65,109.10089285714285,6148.8,49-72,5,0,0,0,0.32214722750541436,correct,False
Male,0,No,Yes,12,Yes,Yes,Fiber optic,No,No,No,No,No,No,Month-to-month,Yes,Credit card (automatic),73.75,871.4,72.61666666666666,885.0,7-12,0,0,1,1,0.731292049421212,correct,False
Female,0,No,No,36,Yes,Yes,DSL,No,No,Yes,No,No,No,One year,No,Electronic check,55.8,1941.5,53.93055555555556,2008.8,25-48,1,1,0,0,0.22782773960855285,correct,False
Female,0,Yes,No,40,Yes,Yes,Fiber optic,Yes,No,Yes,No,Yes,Yes,One year,No,Bank transfer (automatic),105.75,4228.55,105.71375,4230.0,25-48,4,0,0,0,0.3797504872479347,correct,False
Female,0,No,No,3,Yes,No,No,No internet service,No internet service,No internet service,No internet service,No internet service,No internet service,Month-to-month,Yes,Mailed check,19.6,59.75,19.916666666666668,58.800000000000004,0-6,0,0,1,0,0.48840862400952323,false_negative,True
Female,1,No,No,40,Yes,Yes,Fiber optic,No,No,Yes,Yes,Yes,Yes,One year,Yes,Credit card (automatic),103.75,4188.4,104.71,4150.0,25-48,4,0,0,1,0.5255480013156408,false_positive,True
Male,0,Yes,No,67,Yes,Yes,DSL,Yes,Yes,Yes,Yes,No,No,Two year,No,Credit card (automatic),70.9,4677.1,69.80746268656716,4750.3,49-72,4,0,0,0,0.024631435204772036,correct,False
Female,0,No,No,67,Yes,No,DSL,Yes,No,Yes,Yes,No,Yes,One year,Yes,Bank transfer (automatic),72.35,4991.5,74.5,4847.45,49-72,4,0,0,0,0.0813929717079769,correct,False
Female,0,No,No,7,Yes,No,DSL,No,No,No,No,Yes,Yes,Month-to-month,Yes,Electronic check,66.85,458.1,65.44285714285715,467.94999999999993,7-12,2,1,0,1,0.7275586098348564,false_positive,False
Male,0,No,No,3,Yes,No,Fiber optic,No,Yes,Yes,No,No,Yes,Month-to-month,No,Electronic check,90.4,268.45,89.48333333333333,271.20000000000005,0-6,3,1,0,1,0.8732154950138115,false_positive,False
Male,0,No,No,42,Yes,Yes,Fiber optic,No,No,No,Yes,Yes,Yes,Month-to-month,Yes,Electronic check,100.3,4222.95,100.54642857142856,4212.599999999999,25-48,3,1,0,1,0.7289200124377385,false_positive,False
Female,0,Yes,Yes,40,Yes,Yes,No,No internet service,No internet service,No internet service,No internet service,No internet service,No internet service,Month-to-month,Yes,Electronic check,26.2,1077.5,26.9375,1048.0,25-48,0,1,0,0,0.2184942150012129,correct,False
Female,1,Yes,No,53,Yes,No,Fiber optic,No,Yes,Yes,Yes,Yes,No,One year,Yes,Electronic check,94.0,4871.45,91.91415094339622,4982.0,49-72,4,1,0,0,0.4169121049891331,correct,True
Female,0,No,No,3,Yes,No,No,No internet service,No internet service,No internet service,No internet service,No internet service,No internet service,Month-to-month,No,Electronic check,19.55,61.05,20.349999999999998,58.650000000000006,0-6,0,1,0,0,0.4938585903387891,correct,True
Female,1,No,No,9,Yes,Yes,Fiber optic,No,No,Yes,No,Yes,No,Month-to-month,Yes,Electronic check,90.1,816.8,90.75555555555555,810.9,7-12,2,1,0,1,0.8856323124821909,false_positive,False
Female,0,Yes,Yes,72,Yes,No,No,No internet service,No internet service,No internet service,No internet service,No internet service,No internet service,Two year,Yes,Credit card (automatic),20.1,1326.25,18.42013888888889,1447.2,49-72,0,0,0,0,0.01682326083138829,correct,False
Male,1,No,No,46,Yes,No,Fiber optic,Yes,No,No,No,No,Yes,Month-to-month,No,Electronic check,85.0,3969.4,86.29130434782608,3910.0,25-48,2,1,1,1,0.5077405666070693,correct,True
Female,0,Yes,Yes,61,Yes,Yes,No,No internet service,No internet service,No internet service,No internet service,No internet service,No internet service,Two year,Yes,Mailed check,24.1,1551.6,25.43606557377049,1470.1000000000001,49-72,0,0,0,0,0.030255270050332687,correct,False
Female,0,Yes,Yes,54,Yes,No,DSL,Yes,No,Yes,Yes,No,Yes,Two year,No,Bank transfer (automatic),69.95,3871.85,71.70092592592593,3777.3,49-72,4,0,0,0,0.030354796162045432,correct,False
Male,0,No,No,11,No,No phone service,DSL,No,No,Yes,No,Yes,No,One year,Yes,Electronic check,41.6,470.6,42.78181818181818,457.6,7-12,2,1,1,1,0.5804950701699655,correct,True
Female,0,Yes,No,29,Yes,No,No,No internet service,No internet service,No internet service,No internet service,No internet service,No internet service,Two year,Yes,Mailed check,19.55,521.8,17.99310344827586,566.95,25-48,0,0,0,0,0.04463806147769466,correct,False
Male,0,Yes,Yes,67,Yes,Yes,Fiber optic,Yes,Yes,Yes,No,Yes,Yes,One year,Yes,Electronic check,111.3,7482.1,111.67313432835822,7457.099999999999,49-72,5,1,1,0,0.38076297009505,false_negative,False
Male,0,Yes,Yes,49,Yes,Yes,Fiber optic,No,No,No,Yes,Yes,Yes,One year,Yes,Electronic check,97.95,4917.9,100.36530612244897,4799.55,49-72,3,1,0,1,0.5530450371914342,false_positive,True
Male,0,Yes,No,72,Yes,Yes,Fiber optic,Yes,Yes,No,Yes,No,Yes,Two year,Yes,Bank transfer (automatic),100.55,7325.1,101.73750000000001,7239.599999999999,49-72,4,0,0,0,0.09718183826160369,correct,False
Female,0,Yes,Yes,71,Yes,No,DSL,Yes,Yes,Yes,Yes,Yes,Yes,Two year,No,Credit card (automatic),87.25,6328.7,89.13661971830986,6194.75,49-72,6,0,0,0,0.022959296557402295,correct,False
Female,1,No,No,44,Yes,No,DSL,No,No,Yes,Yes,Yes,Yes,One year,No,Bank transfer (automatic),74.85,3268.05,74.27386363636364,3293.3999999999996,25-48,4,0,0,0,0.1669910838118127,correct,False
Male,0,Yes,Yes,41,Yes,No,DSL,Yes,Yes,Yes,No,No,No,One year,Yes,Bank transfer (automatic),60.3,2511.3,61.25121951219513,2472.2999999999997,25-48,3,0,0,0,0.08932877645027543,correct,False
Female,0,No,No,11,Yes,Yes,DSL,No,No,No,No,No,Yes,Month-to-month,Yes,Mailed check,58.95,601.6,54.690909090909095,648.45,7-12,1,0,0,1,0.6477221233813474,false_positive,False
Female,0,No,No,13,Yes,No,No,No internet service,No internet service,No internet service,No internet service,No internet service,No internet service,Month-to-month,Yes,Mailed check,19.3,279.3,21.484615384615385,250.9,13-24,0,0,0,0,0.25103679992100286,correct,False
Female,1,Yes,No,55,Yes,No,Fiber optic,No,No,Yes,Yes,Yes,No,Two year,No,Credit card (automatic),88.8,4805.3,87.36909090909091,4884.0,49-72,3,0,0,0,0.13800353911254648,correct,False
Female,0,No,No,11,Yes,No,DSL,Yes,No,No,No,No,No,Month-to-month,No,Credit card (automatic),48.55,501.0,45.54545454545455,534.05,7-12,1,0,1,0,0.3266449878539636,false_negative,False
Female,0,No,Yes,48,No,No phone service,DSL,No,Yes,Yes,No,No,Yes,Month-to-month,No,Credit card (automatic),45.55,2108.35,43.92395833333333,2186.3999999999996,25-48,3,0,0,0,0.26054095259405496,correct,False
Male,0,No,No,31,Yes,Yes,Fiber optic,No,No,No,Yes,No,No,One year,No,Credit card (automatic),81.7,2548.65,82.21451612903226,2532.7000000000003,25-48,1,0,0,0,0.3009019686679218,correct,False
Male,0,No,No,63,Yes,No,Fiber optic,Yes,Yes,Yes,Yes,Yes,Yes,Two year,No,Credit card (automatic),109.2,7049.75,111.90079365079364,6879.6,49-72,6,0,0,0,0.08500815203247579,correct,False
Female,1,Yes,Yes,61,Yes,Yes,DSL,No,No,Yes,No,Yes,No,One year,Yes,Electronic check,65.2,3965.05,65.00081967213114,3977.2000000000003,49-72,2,1,0,0,0.28308593524916525,correct,False
Female,0,Yes,Yes,72,Yes,Yes,No,No internet service,No internet service,No internet service,No internet service,No internet service,No internet service,Two year,No,Credit card (automatic),24.25,1784.5,24.78472222222222,1746.0,49-72,0,0,0,0,0.016634731308435523,correct,False
Female,0,Yes,Yes,53,Yes,No,Fiber optic,No,Yes,Yes,Yes,Yes,Yes,Month-to-month,Yes,Bank transfer (automatic),108.25,5935.1,111.98301886792453,5737.25,49-72,5,0,0,0,0.4681643148940404,correct,True
Female,1,No,No,7,Yes,No,DSL,Yes,No,No,No,No,No,Month-to-month,Yes,Electronic check,48.2,340.35,48.621428571428574,337.40000000000003,7-12,1,1,0,1,0.5621931124506164,false_positive,True
Female,0,Yes,Yes,28,Yes,No,Fiber optic,No,No,No,No,No,Yes,Month-to-month,Yes,Electronic check,81.05,2227.1,79.53928571428571,2269.4,25-48,1,1,1,1,0.6852896146929489,correct,False
Female,0,No,No,16,Yes,Yes,Fiber optic,No,No,No,No,No,No,Month-to-month,No,Electronic check,72.65,1194.3,74.64375,1162.4,13-24,0,1,1,1,0.7247793253114544,correct,False
Female,0,No,Yes,7,Yes,No,Fiber optic,No,No,No,No,No,No,Month-to-month,Yes,Electronic check,71.05,472.65,67.52142857142857,497.34999999999997,7-12,0,1,0,1,0.7485351063771156,false_positive,False
Female,0,No,No,5,Yes,Yes,DSL,No,Yes,No,No,No,Yes,Month-to-month,Yes,Electronic check,64.0,370.25,74.05,320.0,0-6,2,1,0,1,0.8340849170564557,false_positive,False
Female,0,Yes,Yes,71,Yes,Yes,No,No internet service,No internet service,No internet service,No internet service,No internet service,No internet service,Two year,No,Credit card (automatic),23.9,1663.5,23.429577464788732,1696.8999999999999,49-72,0,0,0,0,0.017157956384014673,correct,False
Male,0,Yes,Yes,7,No,No phone service,DSL,Yes,No,No,Yes,No,No,Month-to-month,Yes,Electronic check,34.5,279.25,39.892857142857146,241.5,7-12,2,1,1,1,0.5187690699150422,correct,True
Male,1,No,No,11,Yes,Yes,Fiber optic,No,Yes,Yes,Yes,Yes,Yes,Month-to-month,Yes,Electronic check,111.4,1183.05,107.55,1225.4,7-12,5,1,0,1,0.8692368224190251,false_positive,False
Male,0,No,No,52,No,No phone service,DSL,Yes,Yes,Yes,Yes,Yes,Yes,Two year,No,Credit card (automatic),63.9,3334.95,64.13365384615385,3322.7999999999997,49-72,6,0,0,0,0.07044275961113139,correct,False
Female,0,No,No,49,Yes,No,DSL,Yes,Yes,Yes,Yes,No,No,Two year,No,Bank transfer (automatic),67.4,3306.85,67.48673469387755,3302.6000000000004,49-72,4,0,0,0,0.024439312900698833,correct,False
Male,0,No,No,19,Yes,No,No,No internet service,No internet service,No internet service,No internet service,No internet service,No internet service,One year,No,Mailed check,18.8,279.2,14.694736842105263,357.2,13-24,0,0,0,0,0.09371928944156001,correct,False
Male,0,No,No,2,Yes,No,Fiber optic,No,No,No,No,No,Yes,Month-to-month,Yes,Electronic check,80.95,171.15,85.575,161.9,0-6,1,1,1,1,0.9181883076056659,correct,False
Male,0,Yes,No,52,Yes,Yes,Fiber optic,No,Yes,No,Yes,No,Yes,Month-to-month,Yes,Credit card (automatic),95.65,5088.4,97.85384615384615,4973.8,49-72,3,0,0,1,0.5561144499922047,false_positive,True
Male,0,Yes,No,23,Yes,Yes,Fiber optic,No,Yes,Yes,No,No,No,Month-to-month,No,Electronic check,84.25,1968.1,85.5695652173913,1937.75,13-24,2,1,0,1,0.6692629680121781,false_positive,False
Male,1,No,No,8,Yes,No,Fiber optic,No,No,No,No,No,No,Month-to-month,Yes,Electronic check,69.7,572.85,71.60625,557.6,7-12,0,1,0,1,0.8165319612998074,false_positive,False
Female,1,Yes,Yes,65,Yes,Yes,Fiber optic,No,No,Yes,Yes,Yes,Yes,One year,Yes,Bank transfer (automatic),103.9,6767.1,104.10923076923078,6753.5,49-72,4,0,0,0,0.393983032918371,correct,False
Male,0,No,Yes,2,Yes,No,DSL,No,No,No,No,No,Yes,Month-to-month,Yes,Electronic check,55.3,108.65,54.325,110.6,0-6,1,1,0,1,0.7887635727838062,false_positive,False
Female,0,Yes,No,62,Yes,Yes,No,No internet service,No internet service,No internet service,No internet service,No internet service,No internet service,Two year,No,Bank transfer (automatic),23.65,1416.75,22.850806451612904,1466.3,49-72,0,0,0,0,0.025847749963264763,correct,False
Male,0,No,No,3,Yes,No,Fiber optic,No,No,Yes,Yes,Yes,No,Month-to-month,Yes,Mailed check,89.85,244.45,81.48333333333333,269.54999999999995,0-6,3,0,0,1,0.8529353354496819,false_positive,False
Male,0,Yes,Yes,49,Yes,Yes,Fiber optic,No,Yes,Yes,No,Yes,No,One year,Yes,Electronic check,93.65,4520.15,92.24795918367346,4588.85,49-72,3,1,0,1,0.508695576025988,false_positive,True
Female,0,No,Yes,15,Yes,No,Fiber optic,No,No,No,No,No,No,Month-to-month,No,Bank transfer (automatic),69.0,994.8,66.32,1035.0,13-24,0,0,1,1,0.5143480183739766,correct,True
Female,0,No,Yes,41,Yes,No,No,No internet service,No internet service,No internet service,No internet service,No internet service,No internet service,One year,Yes,Credit card (automatic),20.25,865.0,21.097560975609756,830.25,25-48,0,0,0,0,0.060868130835712686,correct,False
Female,1,No,No,46,Yes,Yes,Fiber optic,No,Yes,Yes,No,Yes,Yes,Month-to-month,Yes,Electronic check,104.45,4863.85,105.7358695652174,4804.7,25-48,4,1,0,1,0.7673222000381943,false_positive,False
Male,0,No,No,56,Yes,Yes,No,No internet service,No internet service,No internet service,No internet service,No internet service,No internet service,Two year,Yes,Bank transfer (automatic),25.95,1444.05,25.786607142857143,1453.2,49-72,0,0,0,0,0.03936295734919739,correct,False
Male,0,No,No,48,Yes,Yes,Fiber optic,Yes,No,No,Yes,No,Yes,Month-to-month,Yes,Electronic check,95.4,4445.3,92.61041666666667,4579.200000000001,25-48,3,1,0,1,0.5486796343690181,false_positive,True
Male,0,No,No,2,Yes,No,Fiber optic,No,No,No,No,No,No,Month-to-month,No,Mailed check,70.7,129.2,64.6,141.4,0-6,0,0,0,1,0.8024723715192632,false_positive,False
Female,0,Yes,Yes,72,Yes,Yes,No,No internet service,No internet service,No internet service,No internet service,No internet service,No internet service,Two year,No,Bank transfer (automatic),23.75,1679.25,23.322916666666668,1710.0,49-72,0,0,0,0,0.01659573103107316,correct,False
Male,0,Yes,No,45,Yes,No,DSL,Yes,Yes,Yes,No,Yes,Yes,One year,No,Bank transfer (automatic),78.8,3597.5,79.94444444444444,3546.0,25-48,5,0,0,0,0.12919032792641663,correct,False
Male,0,Yes,Yes,37,Yes,Yes,DSL,Yes,No,Yes,Yes,No,No,Two year,Yes,Credit card (automatic),62.8,2278.75,61.58783783783784,2323.6,25-48,3,0,0,0,0.05384026814116696,correct,False
Female,0,No,No,61,Yes,Yes,Fiber optic,No,No,Yes,No,No,Yes,Month-to-month,No,Mailed check,89.2,5500.6,90.17377049180328,5441.2,49-72,2,0,0,1,0.5158724686770162,false_positive,True
Female,0,No,No,60,Yes,No,No,No internet service,No internet service,No internet service,No internet service,No internet service,No internet service,Two year,No,Mailed check,20.6,1093.0,18.216666666666665,1236.0,49-72,0,0,0,0,0.01855899253430486,correct,False
Female,1,Yes,No,2,Yes,No,DSL,No,Yes,No,No,No,No,Month-to-month,No,Credit card (automatic),50.15,115.1,57.55,100.3,0-6,1,0,1,1,0.6250593007479245,correct,False
Female,0,Yes,Yes,63,Yes,No,DSL,Yes,Yes,Yes,Yes,Yes,No,Two year,No,Credit card (automatic),75.55,4707.85,74.72777777777779,4759.65,49-72,5,0,0,0,0.020958724824551432,correct,False
Female,1,No,No,4,Yes,Yes,Fiber optic,No,No,No,No,No,Yes,Month-to-month,Yes,Electronic check,84.6,360.1,90.025,338.4,0-6,1,1,1,1,0.9449315661149338,correct,False
Male,0,No,No,62,Yes,Yes,Fiber optic,Yes,Yes,No,Yes,No,Yes,One year,No,Electronic check,102.0,6529.25,105.31048387096774,6324.0,49-72,4,1,1,0,0.24042290590714033,false_negative,False
Female,0,No,No,62,Yes,Yes,Fiber optic,Yes,Yes,Yes,No,No,No,One year,Yes,Electronic check,92.05,5755.8,92.83548387096775,5707.099999999999,49-72,3,1,0,0,0.2977188338530515,correct,False
Male,0,No,No,69,Yes,Yes,Fiber optic,No,Yes,Yes,Yes,Yes,No,Two year,Yes,Credit card (automatic),97.65,6743.55,97.73260869565217,6737.85,49-72,4,0,0,0,0.14426431495780692,correct,False
Female,0,No,No,4,Yes,No,Fiber optic,No,Yes,Yes,Yes,Yes,Yes,One year,Yes,Electronic check,105.65,443.9,110.975,422.6,0-6,5,1,1,1,0.8142372789917912,correct,False
Female,0,Yes,No,49,No,No phone service,DSL,No,Yes,No,Yes,Yes,Yes,One year,Yes,Credit card (automatic),56.3,2780.6,56.7469387755102,2758.7,49-72,4,0,0,0,0.2734133554563995,correct,False
Male,0,No,No,51,Yes,Yes,DSL,Yes,Yes,Yes,Yes,Yes,No,One year,Yes,Credit card (automatic),81.15,4126.2,80.90588235294118,4138.650000000001,49-72,5,0,0,0,0.1391648011577233,correct,False
Male,0,No,No,26,No,No phone service,DSL,Yes,Yes,No,No,No,Yes,Month-to-month,Yes,Bank transfer (automatic),44.65,1156.55,44.482692307692304,1160.8999999999999,25-48,3,0,0,0,0.42839433442788943,correct,True
Female,0,No,No,9,Yes,No,DSL,No,No,No,No,No,No,Month-to-month,Yes,Electronic check,43.75,405.7,45.077777777777776,393.75,7-12,0,1,0,1,0.596093494191518,false_positive,True
Female,0,No,No,57,Yes,Yes,Fiber optic,No,Yes,No,Yes,No,Yes,One year,No,Electronic check,94.7,5468.95,95.94649122807017,5397.900000000001,49-72,3,1,0,0,0.3414118498791873,correct,False
Female,0,Yes,No,37,Yes,No,No,No internet service,No internet service,No internet service,No internet service,No internet service,No internet service,Month-to-month,No,Bank transfer (automatic),19.5,805.2,21.762162162162163,721.5,25-48,0,0,0,0,0.11900432633877783,correct,False
Male,0,No,No,30,Yes,No,Fiber optic,No,Yes,No,No,Yes,Yes,One year,Yes,Bank transfer (automatic),97.0,3021.3,100.71000000000001,2910.0,25-48,3,0,0,0,0.4865837366600017,correct,True
Female,1,Yes,Yes,70,Yes,Yes,Fiber optic,No,Yes,Yes,Yes,Yes,Yes,One year,Yes,Electronic check,107.9,7475.85,106.79785714285715,7553.0,49-72,5,1,0,0,0.42852632276963276,correct,True
Male,0,No,Yes,22,Yes,No,Fiber optic,No,Yes,Yes,No,Yes,No,Month-to-month,Yes,Electronic check,89.4,2001.5,90.97727272727273,1966.8000000000002,13-24,3,1,1,1,0.6895226021573893,correct,False
Male,0,No,No,39,No,No phone service,DSL,Yes,Yes,No,Yes,Yes,No,Month-to-month,Yes,Credit card (automatic),48.95,1880.85,48.22692307692307,1909.0500000000002,25-48,4,0,1,0,0.2925448486634571,false_negative,False
Female,1,Yes,No,33,Yes,Yes,Fiber optic,No,Yes,No,No,No,No,Month-to-month,Yes,Bank transfer (automatic),80.6,2656.5,80.5,2659.7999999999997,25-48,1,0,1,1,0.6256604201576401,correct,False
Male,0,No,No,60,Yes,Yes,Fiber optic,Yes,Yes,Yes,Yes,Yes,Yes,One year,Yes,Credit card (automatic),116.6,7049.5,117.49166666666666,6996.0,49-72,6,0,0,0,0.3076095874492559,correct,False
Female,0,Yes,Yes,1,Yes,No,No,No internet service,No internet service,No internet service,No internet service,No internet service,No internet service,Month-to-month,No,Electronic check,19.45,19.45,19.45,19.45,0-6,0,1,0,0,0.4635030689643301,correct,True
Female,0,Yes,Yes,12,Yes,No,DSL,No,No,Yes,No,Yes,No,Month-to-month,Yes,Credit card (automatic),58.35,740.55,61.7125,700.2,7-12,2,0,0,1,0.5210877466333808,false_positive,True
Female,0,Yes,Yes,51,Yes,No,No,No internet service,No internet service,No internet service,No internet service,No internet service,No internet service,Two year,No,Mailed check,19.95,1028.75,20.17156862745098,1017.4499999999999,49-72,0,0,0,0,0.01960197460573911,correct,False
Female,0,Yes,Yes,22,Yes,No,Fiber optic,No,No,No,No,No,Yes,Month-to-month,Yes,Electronic check,80.15,1790.65,81.39318181818182,1763.3000000000002,13-24,1,1,0,1,0.7208419387979283,false_positive,False
Male,0,Yes,Yes,1,Yes,No,No,No internet service,No internet service,No internet service,No internet service,No internet service,No internet service,One year,No,Mailed check,18.8,18.8,18.8,18.8,0-6,0,0,0,0,0.2309713577645144,correct,False
Male,0,Yes,Yes,39,Yes,Yes,Fiber optic,No,No,Yes,No,Yes,Yes,One year,No,Electronic check,100.0,3835.55,98.3474358974359,3900.0,25-48,3,1,0,1,0.5274857009332313,false_positive,True
Female,0,No,No,4,Yes,Yes,Fiber optic,No,Yes,No,Yes,No,Yes,Month-to-month,Yes,Electronic check,93.5,362.2,90.55,374.0,0-6,3,1,1,1,0.9076553472637803,correct,False
Female,0,No,No,39,Yes,No,Fiber optic,No,No,Yes,Yes,No,No,Two year,Yes,Electronic check,80.45,3201.55,82.09102564102565,3137.55,25-48,2,1,1,0,0.18066625532461578,false_negative,False
Male,1,Yes,No,69,Yes,Yes,Fiber optic,Yes,Yes,No,No,No,No,Month-to-month,Yes,Credit card (automatic),84.9,5785.65,83.85,5858.1,49-72,2,0,0,0,0.4037885085491087,correct,True
Male,1,Yes,No,8,Yes,No,DSL,No,No,Yes,Yes,No,Yes,Month-to-month,Yes,Credit card (automatic),64.4,581.7,72.7125,515.2,7-12,3,0,0,1,0.5719679626180988,false_positive,True
Male,0,Yes,No,68,Yes,Yes,No,No internet service,No internet service,No internet service,No internet service,No internet service,No internet service,Two year,No,Credit card (automatic),25.05,1629.2,23.958823529411767,1703.4,49-72,0,0,0,0,0.022815352053049395,correct,False
Female,1,No,No,2,Yes,No,Fiber optic,No,No,No,No,No,No,Month-to-month,No,Electronic check,70.75,154.85,77.425,141.5,0-6,0,1,1,1,0.867709973456979,correct,False
Male,1,Yes,No,24,No,No phone service,DSL,Yes,No,No,No,No,Yes,Month-to-month,No,Bank transfer (automatic),39.1,971.3,40.47083333333333,938.4000000000001,13-24,2,0,1,0,0.44362684213769293,false_negative,True
Female,0,Yes,No,42,Yes,Yes,DSL,No,No,No,No,No,No,Month-to-month,Yes,Electronic check,50.25,2203.65,52.46785714285714,2110.5,25-48,0,1,1,0,0.4399489614631268,false_negative,True
Female,0,Yes,No,59,Yes,Yes,DSL,No,Yes,No,Yes,Yes,Yes,One year,Yes,Electronic check,80.1,4693.2,79.5457627118644,4725.9,49-72,4,1,0,0,0.2796334869274748,correct,False
Male,0,Yes,Yes,1,Yes,No,Fiber optic,No,No,No,No,No,Yes,Month-to-month,No,Electronic check,80.0,80.0,80.0,80.0,0-6,1,1,1,1,0.8751798475689005,correct,False
Female,0,Yes,Yes,46,No,No phone service,DSL,Yes,Yes,No,No,No,No,Month-to-month,No,Bank transfer (automatic),35.05,1620.25,35.22282608695652,1612.3,25-48,2,0,0,0,0.16177306185133608,correct,False
Male,0,No,No,4,No,No phone service,DSL,No,No,Yes,No,No,No,Month-to-month,Yes,Electronic check,29.65,118.5,29.625,118.6,0-6,1,1,1,1,0.8363872063988274,correct,False
Male,0,Yes,Yes,11,Yes,No,No,No internet service,No internet service,No internet service,No internet service,No internet service,No internet service,Month-to-month,Yes,Electronic check,20.45,250.8,22.8,224.95,7-12,0,1,0,0,0.3354525993155019,correct,False
Male,0,Yes,No,59,Yes,No,DSL,Yes,Yes,Yes,No,Yes,No,One year,No,Credit card (automatic),66.4,3958.2,67.08813559322033,3917.6000000000004,49-72,4,0,0,0,0.09553265018801349,correct,False
Female,0,Yes,Yes,53,Yes,No,DSL,No,No,Yes,No,No,Yes,One year,No,Credit card (automatic),60.6,3297.0,62.20754716981132,3211.8,49-72,2,0,0,0,0.1283920322534422,correct,False
Female,0,No,No,3,Yes,No,DSL,No,No,No,No,Yes,No,Month-to-month,Yes,Electronic check,54.2,140.4,46.800000000000004,162.60000000000002,0-6,1,1,0,1,0.8144069486086267,false_positive,False
Female,0,Yes,No,72,Yes,Yes,No,No internet service,No internet service,No internet service,No internet service,No internet service,No internet service,Two year,Yes,Bank transfer (automatic),25.25,1841.2,25.572222222222223,1818.0,49-72,0,0,0,0,0.02778582545176556,correct,False
Male,0,No,No,9,Yes,No,No,No internet service,No internet service,No internet service,No internet service,No internet service,No internet service,Month-to-month,Yes,Mailed check,18.95,185.6,20.62222222222222,170.54999999999998,7-12,0,0,1,0,0.31024195677886607,false_negative,False
Male,0,Yes,Yes,24,Yes,No,No,No internet service,No internet service,No internet service,No internet service,No internet service,No internet service,One year,Yes,Credit card (automatic),20.8,469.65,19.568749999999998,499.20000000000005,13-24,0,0,0,0,0.09463194916745456,correct,False
Female,1,Yes,No,45,Yes,No,Fiber optic,No,No,Yes,No,No,Yes,Month-to-month,Yes,Electronic check,86.1,3861.45,85.81,3874.4999999999995,25-48,2,1,0,1,0.6796290503988552,false_positive,False
Female,0,Yes,No,49,No,No phone service,DSL,Yes,No,No,No,Yes,No,Month-to-month,No,Bank transfer (automatic),40.65,2070.75,42.26020408163265,1991.85,49-72,2,0,0,0,0.30221647546933733,correct,False
Female,0,Yes,No,61,Yes,Yes,No,No internet service,No internet service,No internet service,No internet service,No internet service,No internet service,Two year,No,Mailed check,24.4,1417.9,23.24426229508197,1488.3999999999999,49-72,0,0,0,0,0.026351791143911698,correct,False
Male,0,No,No,2,Yes,No,Fiber optic,No,No,No,No,No,No,Month-to-month,Yes,Electronic check,70.3,144.0,72.0,140.6,0-6,0,1,0,1,0.8926473432306388,false_positive,False
Female,0,No,No,5,Yes,No,Fiber optic,No,No,No,Yes,No,Yes,Month-to-month,Yes,Credit card (automatic),85.4,425.9,85.17999999999999,427.0,0-6,2,0,1,1,0.8422934156517189,correct,False
Female,0,No,No,2,No,No phone service,DSL,Yes,Yes,No,No,No,Yes,Month-to-month,Yes,Electronic check,42.6,72.4,36.2,85.2,0-6,3,1,1,1,0.8186743162761714,correct,False
Male,0,No,No,25,Yes,Yes,DSL,Yes,Yes,Yes,Yes,No,Yes,Month-to-month,No,Bank transfer (automatic),81.75,2028.8,81.152,2043.75,25-48,5,0,0,0,0.25607625104414977,correct,False
Female,0,Yes,No,60,Yes,Yes,Fiber optic,No,Yes,Yes,No,Yes,Yes,Month-to-month,Yes,Electronic check,106.15,6411.25,106.85416666666667,6369.0,49-72,4,1,0,1,0.7216333427300057,false_positive,False
Male,0,Yes,Yes,51,Yes,Yes,Fiber optic,Yes,Yes,No,Yes,Yes,Yes,One year,No,Credit card (automatic),110.05,5686.4,111.49803921568626,5612.55,49-72,5,0,0,0,0.2506922096574338,correct,False
Male,0,Yes,Yes,2,Yes,Yes,DSL,Yes,No,No,No,No,No,Month-to-month,No,Mailed check,56.7,113.55,56.775,113.4,0-6,1,0,1,1,0.561868117234549,correct,True
Male,1,Yes,No,62,Yes,Yes,Fiber optic,No,Yes,Yes,No,Yes,Yes,One year,Yes,Electronic check,103.75,6383.35,102.95725806451614,6432.5,49-72,4,1,1,1,0.6021762379827612,correct,False
Male,0,Yes,No,52,Yes,Yes,DSL,Yes,Yes,Yes,Yes,No,Yes,One year,Yes,Credit card (automatic),81.4,4354.45,83.73942307692307,4232.8,49-72,5,0,0,0,0.1433193068725567,correct,False
Male,0,No,No,68,Yes,Yes,DSL,Yes,Yes,Yes,No,No,Yes,One year,Yes,Credit card (automatic),76.9,5023.0,73.86764705882354,5229.200000000001,49-72,4,0,0,0,0.1270490802361162,correct,False
Female,0,No,No,22,Yes,Yes,Fiber optic,No,No,No,No,Yes,No,Month-to-month,Yes,Bank transfer (automatic),84.15,1821.95,82.81590909090909,1851.3000000000002,13-24,1,0,0,1,0.7419104026095956,false_positive,False
Male,1,Yes,No,1,No,No phone service,DSL,No,No,No,No,No,No,Month-to-month,No,Electronic check,25.05,25.05,25.05,25.05,0-6,0,1,1,1,0.8229492053715582,correct,False
Male,1,No,No,3,No,No phone service,DSL,No,No,Yes,No,No,Yes,Month-to-month,Yes,Electronic check,41.15,132.2,44.06666666666666,123.44999999999999,0-6,2,1,1,1,0.8904677462892054,correct,False
Female,1,No,No,16,Yes,Yes,Fiber optic,No,No,No,No,Yes,Yes,Month-to-month,Yes,Electronic check,96.4,1581.2,98.825,1542.4,13-24,2,1,1,1,0.8811411452833471,correct,False
Female,1,No,No,32,Yes,No,Fiber optic,No,Yes,No,No,No,No,Month-to-month,Yes,Electronic check,74.4,2276.95,71.1546875,2380.8,25-48,1,1,1,1,0.6434509754003929,correct,False
Male,0,No,No,50,Yes,Yes,No,No internet service,No internet service,No internet service,No internet service,No internet service,No internet service,Two year,No,Bank transfer (automatic),24.9,1195.25,23.905,1245.0,49-72,0,0,0,0,0.03304645398741212,correct,False
Male,0,Yes,Yes,1,Yes,No,DSL,Yes,No,No,No,No,No,Month-to-month,Yes,Mailed check,48.75,48.75,48.75,48.75,0-6,1,0,0,1,0.5909238511121324,false_positive,True
Female,0,No,No,6,Yes,No,Fiber optic,No,No,Yes,No,No,Yes,Month-to-month,No,Electronic check,83.9,497.55,82.925,503.40000000000003,0-6,2,1,1,1,0.8810302627355246,correct,False
Male,0,No,No,1,Yes,No,DSL,No,Yes,No,No,No,No,Month-to-month,Yes,Electronic check,50.75,50.75,50.75,50.75,0-6,1,1,1,1,0.7466860121238663,correct,False
Female,0,Yes,Yes,29,Yes,No,No,No internet service,No internet service,No internet service,No internet service,No internet service,No internet service,Two year,No,Mailed check,20.2,558.8,19.268965517241377,585.8,25-48,0,0,0,0,0.02564710133914418,correct,False
Male,0,No,No,1,Yes,No,No,No internet service,No internet service,No internet service,No internet service,No internet service,No internet service,Month-to-month,Yes,Mailed check,19.3,19.3,19.3,19.3,0-6,0,0,1,1,0.5101698673931573,correct,True
Female,0,No,No,58,Yes,No,Fiber optic,No,No,No,Yes,Yes,Yes,Month-to-month,Yes,Electronic check,95.3,5817.7,100.3051724137931,5527.4,49-72,3,1,0,1,0.6237574389068448,false_positive,False
Male,1,Yes,Yes,35,Yes,No,DSL,No,Yes,No,Yes,Yes,Yes,Month-to-month,Yes,Electronic check,76.05,2747.2,78.49142857142857,2661.75,25-48,4,1,0,0,0.43784363727948045,correct,True
Male,0,No,No,43,Yes,No,No,No internet service,No internet service,No internet service,No internet service,No internet service,No internet service,Two year,No,Mailed check,19.55,876.15,20.375581395348835,840.65,25-48,0,0,0,0,0.02289131858854863,correct,False
Female,0,No,No,41,Yes,No,DSL,No,No,No,Yes,No,No,One year,No,Bank transfer (automatic),50.05,2029.05,49.4890243902439,2052.0499999999997,25-48,1,0,0,0,0.08951027888462215,correct,False
Female,0,Yes,Yes,47,Yes,No,No,No internet service,No internet service,No internet service,No internet service,No internet service,No internet service,Two year,No,Bank transfer (automatic),19.3,890.5,18.9468085106383,907.1,25-48,0,0,0,0,0.016950187418009494,correct,False
Female,0,No,No,33,Yes,Yes,Fiber optic,No,Yes,No,No,Yes,Yes,Month-to-month,Yes,Electronic check,100.0,3320.6,100.62424242424242,3300.0,25-48,3,1,0,1,0.7894248213637479,false_positive,False
Male,0,No,No,67,Yes,No,No,No internet service,No internet service,No internet service,No internet service,No internet service,No internet service,Two year,No,Bank transfer (automatic),20.5,1430.95,21.357462686567164,1373.5,49-72,0,0,0,0,0.016086789997793276,correct,False
Female,0,Yes,No,72,Yes,No,No,No internet service,No internet service,No internet service,No internet service,No internet service,No internet service,Two year,No,Bank transfer (automatic),19.4,1496.45,20.78402777777778,1396.8,49-72,0,0,0,0,0.014735580734448863,correct,False
Male,0,Yes,Yes,50,Yes,Yes,DSL,No,No,Yes,No,No,No,One year,No,Bank transfer (automatic),54.9,2614.1,52.282,2745.0,49-72,1,0,0,0,0.14070711333829214,correct,False
Male,1,Yes,No,49,Yes,No,DSL,No,Yes,No,No,No,No,Two year,No,Mailed check,49.8,2398.4,48.946938775510205,2440.2,49-72,1,0,0,0,0.06004960777124491,correct,False
Male,0,No,No,4,Yes,Yes,Fiber optic,No,No,No,No,No,No,Month-to-month,Yes,Electronic check,74.35,265.35,66.3375,297.4,0-6,0,1,1,1,0.9183114996933112,correct,False
Male,0,Yes,No,61,Yes,No,Fiber optic,No,Yes,Yes,Yes,No,Yes,Month-to-month,No,Credit card (automatic),94.15,5731.85,93.96475409836066,5743.150000000001,49-72,4,0,0,0,0.3518458832450648,correct,False
Male,0,Yes,Yes,7,Yes,No,No,No internet service,No internet service,No internet service,No internet service,No internet service,No internet service,One year,No,Mailed check,20.65,150.0,21.428571428571427,144.54999999999998,7-12,0,0,0,0,0.11488836342965739,correct,False
Male,1,No,No,14,Yes,No,Fiber optic,No,No,No,No,Yes,Yes,Month-to-month,No,Credit card (automatic),90.45,1266.1,90.43571428571428,1266.3,13-24,2,0,1,1,0.7452004593292714,correct,False
Female,0,Yes,No,26,Yes,No,DSL,No,Yes,No,Yes,Yes,Yes,Month-to-month,Yes,Electronic check,73.05,1959.5,75.36538461538461,1899.3,25-48,4,1,0,1,0.512196371341789,false_positive,True
Female,1,No,No,35,Yes,No,Fiber optic,No,No,No,No,No,No,Month-to-month,No,Electronic check,70.55,2419.0,69.11428571428571,2469.25,25-48,0,1,0,1,0.5714681158019518,false_positive,True
Female,1,Yes,No,54,Yes,No,Fiber optic,No,No,Yes,Yes,Yes,Yes,One year,Yes,Electronic check,99.1,5437.1,100.68703703703704,5351.4,49-72,4,1,0,1,0.5247348364357192,false_positive,True
Female,0,No,No,8,Yes,Yes,Fiber optic,No,No,No,No,Yes,Yes,Month-to-month,No,Bank transfer (automatic),95.65,778.1,97.2625,765.2,7-12,2,0,1,1,0.8145548495246692,correct,False
Male,0,No,Yes,1,Yes,No,Fiber optic,No,No,No,No,No,No,Month-to-month,Yes,Electronic check,71.65,71.65,71.65,71.65,0-6,0,1,1,1,0.8702166959877108,correct,False
Female,0,Yes,Yes,67,Yes,Yes,Fiber optic,Yes,No,Yes,Yes,No,Yes,One year,Yes,Bank transfer (automatic),100.25,6689.0,99.83582089552239,6716.75,49-72,4,0,0,0,0.2112906738333337,correct,False
Female,0,No,Yes,24,Yes,No,No,No internet service,No internet service,No internet service,No internet service,No internet service,No internet service,Two year,No,Mailed check,19.75,498.1,20.754166666666666,474.0,13-24,0,0,0,0,0.028262139521920967,correct,False
Female,0,Yes,Yes,64,Yes,Yes,No,No internet service,No internet service,No internet service,No internet service,No internet service,No internet service,One year,No,Mailed check,24.9,1595.5,24.9296875,1593.6,49-72,0,0,0,0,0.04636462622776366,correct,False
Female,1,Yes,Yes,34,Yes,Yes,Fiber optic,No,Yes,No,No,No,No,Month-to-month,Yes,Mailed check,79.6,2718.3,79.95,2706.3999999999996,25-48,1,0,1,1,0.5773596028172782,correct,True
Male,0,Yes,Yes,8,Yes,No,No,No internet service,No internet service,No internet service,No internet service,No internet service,No internet service,One year,No,Credit card (automatic),19.9,153.95,19.24375,159.2,7-12,0,0,0,0,0.11440263211697953,correct,False
Female,0,No,No,6,Yes,No,No,No internet service,No internet service,No internet service,No internet service,No internet service,No internet service,Month-to-month,No,Mailed check,20.2,123.65,20.608333333333334,121.19999999999999,0-6,0,0,0,0,0.3824973220904866,correct,False
Male,0,No,No,13,Yes,Yes,Fiber optic,No,No,No,Yes,Yes,Yes,Month-to-month,Yes,Mailed check,99.0,1301.7,100.13076923076923,1287.0,13-24,3,0,1,1,0.7930487974089587,correct,False
Male,0,Yes,Yes,62,Yes,Yes,No,No internet service,No internet service,No internet service,No internet service,No internet service,No internet service,Two year,Yes,Bank transfer (automatic),24.25,1424.6,22.97741935483871,1503.5,49-72,0,0,0,0,0.03007394934773908,correct,False
Male,0,Yes,No,34,Yes,Yes,Fiber optic,No,No,Yes,No,Yes,Yes,Month-to-month,Yes,Electronic check,100.05,3480.0,102.3529411764706,3401.7,25-48,3,1,1,1,0.8202239808649298,correct,False
Male,0,No,No,9,Yes,Yes,Fiber optic,No,Yes,No,No,Yes,Yes,Month-to-month,Yes,Credit card (automatic),99.3,918.75,102.08333333333333,893.6999999999999,7-12,3,0,0,1,0.850014350714816,false_positive,False
Male,0,No,No,22,Yes,No,No,No internet service,No internet service,No internet service,No internet service,No internet service,No internet service,One year,No,Credit card (automatic),20.3,467.15,21.23409090909091,446.6,13-24,0,0,0,0,0.08496404981398663,correct,False
Male,0,No,Yes,40,Yes,No,DSL,Yes,Yes,No,No,No,No,Month-to-month,Yes,Mailed check,55.25,2139.2,53.48,2210.0,25-48,2,0,1,0,0.16845884556345025,false_negative,False
Female,1,Yes,No,35,Yes,Yes,Fiber optic,Yes,Yes,No,Yes,Yes,No,Month-to-month,Yes,Bank transfer (automatic),100.5,3653.35,104.38142857142857,3517.5,25-48,4,0,1,1,0.528116427418378,correct,True
Male,0,No,No,7,Yes,Yes,No,No internet service,No internet service,No internet service,No internet service,No internet service,No internet service,Month-to-month,No,Mailed check,23.5,173.0,24.714285714285715,164.5,7-12,0,0,0,0,0.31611609024170517,correct,False
Male,1,No,No,32,Yes,No,No,No internet service,No internet service,No internet service,No internet service,No internet service,No internet service,One year,No,Credit card (automatic),19.8,587.7,18.365625,633.6,25-48,0,0,0,0,0.07905369513162845,correct,False
Male,0,No,Yes,61,Yes,No,No,No internet service,No internet service,No internet service,No internet service,No internet service,No internet service,Two year,No,Mailed check,19.75,1124.2,18.42950819672131,1204.75,49-72,0,0,0,0,0.015474125820651212,correct,False
Male,0,No,No,2,Yes,No,No,No internet service,No internet service,No internet service,No internet service,No internet service,No internet service,Month-to-month,No,Mailed check,20.75,44.2,22.1,41.5,0-6,0,0,0,0,0.40994418126594623,correct,True
Female,0,Yes,No,56,Yes,Yes,Fiber optic,No,No,Yes,Yes,Yes,Yes,Two year,No,Bank transfer (automatic),103.2,5744.35,102.57767857142858,5779.2,49-72,4,0,0,0,0.20138962725045248,correct,False
Female,1,Yes,No,65,Yes,Yes,Fiber optic,No,Yes,Yes,No,Yes,Yes,One year,Yes,Electronic check,106.25,6979.8,107.38153846153847,6906.25,49-72,4,1,1,1,0.5638873189843661,correct,True
Female,0,Yes,Yes,28,Yes,Yes,DSL,No,No,No,No,No,No,Month-to-month,No,Mailed check,49.9,1410.25,50.36607142857143,1397.2,25-48,0,0,0,0,0.3040247825414529,correct,False
Male,0,No,No,18,Yes,Yes,DSL,Yes,No,Yes,No,Yes,No,Month-to-month,No,Mailed check,69.5,1199.4,66.63333333333334,1251.0,13-24,3,0,0,0,0.3964838550230724,correct,False
Female,0,Yes,Yes,71,Yes,Yes,DSL,Yes,Yes,Yes,Yes,Yes,Yes,Two year,Yes,Credit card (automatic),90.55,6239.05,87.87394366197184,6429.05,49-72,6,0,0,0,0.045309066195256,correct,False
Male,0,No,No,72,Yes,Yes,DSL,No,Yes,Yes,Yes,Yes,Yes,Two year,Yes,Bank transfer (automatic),88.6,6201.95,86.13819444444444,6379.2,49-72,5,0,0,0,0.0698871558291008,correct,False
Male,1,No,No,1,Yes,Yes,Fiber optic,No,No,No,No,No,No,Month-to-month,Yes,Electronic check,76.45,76.45,76.45,76.45,0-6,0,1,1,1,0.9304941888850113,correct,False
Male,0,No,No,1,Yes,No,No,No internet service,No internet service,No internet service,No internet service,No internet service,No internet service,Month-to-month,No,Mailed check,19.75,19.75,19.75,19.75,0-6,0,0,1,0,0.42143331532196776,false_negative,True
Female,0,No,No,34,Yes,No,No,No internet service,No internet service,No internet service,No internet service,No internet service,No internet service,Month-to-month,No,Mailed check,20.35,673.2,19.8,691.9000000000001,25-48,0,0,0,0,0.12198890447254004,correct,False
Female,0,No,No,8,Yes,Yes,Fiber optic,No,No,No,No,Yes,No,Month-to-month,Yes,Electronic check,87.05,762.1,95.2625,696.4,7-12,1,1,1,1,0.8645103401123839,correct,False
Female,0,No,No,47,Yes,Yes,Fiber optic,No,Yes,Yes,No,Yes,Yes,Month-to-month,Yes,Electronic check,106.4,5127.95,109.10531914893616,5000.8,25-48,4,1,1,1,0.7247424105429859,correct,False
Female,0,Yes,Yes,72,Yes,Yes,No,No internet service,No internet service,No internet service,No internet service,No internet service,No internet service,Two year,Yes,Bank transfer (automatic),24.05,1709.15,23.738194444444446,1731.6000000000001,49-72,0,0,0,0,0.023189424886172958,correct,False
Female,0,Yes,Yes,52,Yes,Yes,No,No internet service,No internet service,No internet service,No internet service,No internet service,No internet service,Two year,Yes,Bank transfer (automatic),25.05,1270.25,24.427884615384617,1302.6000000000001,49-72,0,0,0,0,0.0361039200755815,correct,False
Male,0,No,No,3,Yes,No,No,No internet service,No internet service,No internet service,No internet service,No internet service,No internet service,Month-to-month,No,Mailed check,19.85,64.55,21.516666666666666,59.550000000000004,0-6,0,0,1,0,0.4088307781010487,false_negative,True
Female,0,Yes,No,60,No,No phone service,DSL,Yes,Yes,No,Yes,No,No,Two year,No,Bank transfer (automatic),37.7,2288.7,38.144999999999996,2262.0,49-72,3,0,0,0,0.03315475630318263,correct,False
Female,0,No,No,3,Yes,Yes,Fiber optic,No,No,No,No,Yes,Yes,Month-to-month,Yes,Electronic check,96.6,291.9,97.3,289.79999999999995,0-6,2,1,1,1,0.95080658567804,correct,False
Male,0,No,No,19,Yes,Yes,Fiber optic,No,No,No,No,No,Yes,Month-to-month,Yes,Bank transfer (automatic),86.0,1532.45,80.65526315789474,1634.0,13-24,1,0,1,1,0.7591907226208386,correct,False
Male,0,No,No,1,Yes,No,Fiber optic,No,No,No,No,No,No,Month-to-month,Yes,Electronic check,69.9,69.9,69.9,69.9,0-6,0,1,0,1,0.8959058055035909,false_positive,False
Female,0,Yes,No,6,Yes,Yes,Fiber optic,No,Yes,Yes,No,Yes,Yes,Month-to-month,Yes,Electronic check,105.3,545.2,90.86666666666667,631.8,0-6,4,1,1,1,0.9447811894870703,correct,False
Male,0,Yes,Yes,49,Yes,No,DSL,Yes,Yes,No,Yes,No,No,Month-to-month,No,Credit card (automatic),59.6,2970.3,60.61836734693878,2920.4,49-72,3,0,0,0,0.10451535264966177,correct,False
Male,1,No,No,22,Yes,Yes,Fiber optic,No,No,No,Yes,Yes,No,Month-to-month,Yes,Bank transfer (automatic),90.5,1910.6,86.84545454545454,1991.0,13-24,2,0,1,1,0.7172456710197883,correct,False
Female,0,Yes,Yes,42,Yes,No,No,No internet service,No internet service,No internet service,No internet service,No internet service,No internet service,One year,Yes,Electronic check,19.05,761.85,18.139285714285716,800.1,25-48,0,1,0,0,0.08896363976606177,correct,False
Male,1,Yes,No,46,Yes,Yes,Fiber optic,No,No,Yes,No,Yes,Yes,Month-to-month,Yes,Electronic check,98.85,4564.9,99.23695652173912,4547.099999999999,25-48,3,1,0,1,0.805407553642368,false_positive,False
Male,0,No,No,68,No,No phone service,DSL,No,No,Yes,No,No,Yes,Month-to-month,Yes,Bank transfer (automatic),39.9,2796.35,41.12279411764706,2713.2,49-72,2,0,0,0,0.3682589505530922,correct,False
Female,0,No,Yes,2,Yes,No,No,No internet service,No internet service,No internet service,No internet service,No internet service,No internet service,One year,No,Bank transfer (automatic),20.5,38.25,19.125,41.0,0-6,0,0,0,0,0.20660387120956947,correct,False
Male,0,No,Yes,0,Yes,No,No,No internet service,No internet service,No internet service,No internet service,No internet service,No internet service,Two year,No,Mailed check,20.25,,,0.0,0-6,0,0,0,0,0.10261088429214532,correct,False
Female,0,Yes,Yes,35,Yes,Yes,DSL,Yes,No,Yes,Yes,Yes,No,Month-to-month,No,Electronic check,72.25,2568.55,73.38714285714286,2528.75,25-48,4,1,1,0,0.2862899154940777,false_negative,False
Female,0,No,No,2,Yes,No,No,No internet service,No internet service,No internet service,No internet service,No internet service,No internet service,Month-to-month,No,Mailed check,19.5,27.55,13.775,39.0,0-6,0,0,0,0,0.41074498556651995,correct,True
Male,0,Yes,Yes,68,Yes,No,DSL,Yes,Yes,Yes,Yes,No,No,Two year,No,Credit card (automatic),62.65,4375.8,64.35000000000001,4260.2,49-72,4,0,0,0,0.015333834226063176,correct,False
Male,0,Yes,No,16,Yes,Yes,Fiber optic,No,No,No,No,No,No,Month-to-month,Yes,Electronic check,75.4,1189.4,74.3375,1206.4,13-24,0,1,0,1,0.7909113477235494,false_positive,False
Male,0,Yes,No,72,Yes,Yes,Fiber optic,Yes,No,Yes,Yes,Yes,Yes,Two year,Yes,Credit card (automatic),110.9,8240.85,114.45625000000001,7984.8,49-72,5,0,0,0,0.14454849144612292,correct,False
Male,0,Yes,No,37,Yes,Yes,Fiber optic,No,No,Yes,Yes,Yes,No,Two year,No,Mailed check,94.3,3460.95,93.53918918918919,3489.1,25-48,3,0,0,0,0.18652060492637393,correct,False
Male,0,Yes,Yes,53,Yes,Yes,No,No internet service,No internet service,No internet service,No internet service,No internet service,No internet service,Two year,No,Credit card (automatic),25.55,1336.1,25.20943396226415,1354.15,49-72,0,0,0,0,0.026045085479113807,correct,False
Female,0,No,No,40,Yes,Yes,Fiber optic,No,No,No,No,No,Yes,Month-to-month,No,Bank transfer (automatic),83.85,3532.25,88.30625,3354.0,25-48,1,0,0,1,0.5742522798978369,false_positive,True
Female,0,No,No,46,Yes,Yes,Fiber optic,No,Yes,Yes,No,No,Yes,One year,Yes,Electronic check,94.15,4408.45,95.8358695652174,4330.900000000001,25-48,3,1,0,1,0.5033094820177495,false_positive,True
Male,0,No,No,3,Yes,Yes,Fiber optic,No,No,Yes,No,Yes,Yes,Month-to-month,Yes,Electronic check,100.95,329.95,109.98333333333333,302.85,0-6,3,1,1,1,0.9528484726118377,correct,False
Female,0,No,No,1,Yes,No,Fiber optic,No,No,Yes,No,No,No,Month-to-month,No,Electronic check,75.3,75.3,75.3,75.3,0-6,1,1,1,1,0.854634214254783,correct,False
Male,0,No,No,7,Yes,No,No,No internet service,No internet service,No internet service,No internet service,No internet service,No internet service,Month-to-month,No,Electronic check,19.25,112.3,16.04285714285714,134.75,7-12,0,1,1,0,0.32495173424997525,false_negative,False
Male,0,No,No,6,No,No phone service,DSL,No,Yes,No,No,No,No,Month-to-month,Yes,Credit card (automatic),30.5,208.7,34.78333333333333,183.0,0-6,1,0,1,1,0.7391736838465653,correct,False
Male,0,No,No,46,Yes,Yes,Fiber optic,Yes,No,No,No,Yes,No,Month-to-month,Yes,Credit card (automatic),89.15,4245.55,92.29456521739131,4100.900000000001,25-48,2,0,0,1,0.5404001529815597,false_positive,True
Female,0,Yes,No,54,Yes,Yes,DSL,No,No,No,No,Yes,Yes,One year,Yes,Credit card (automatic),70.15,3715.65,68.80833333333334,3788.1000000000004,49-72,2,0,1,0,0.3173655637183221,false_negative,False
Male,1,No,No,15,Yes,No,Fiber optic,No,No,No,No,No,Yes,Month-to-month,Yes,Electronic check,79.4,1156.1,77.07333333333332,1191.0,13-24,1,1,1,1,0.8172355472196219,correct,False
Male,0,No,No,3,Yes,Yes,Fiber optic,No,No,No,No,No,Yes,Month-to-month,Yes,Electronic check,85.3,264.8,88.26666666666667,255.89999999999998,0-6,1,1,1,1,0.9386275503196851,correct,False
Male,0,Yes,Yes,70,Yes,No,No,No internet service,No internet service,No internet service,No internet service,No internet service,No internet service,Two year,No,Credit card (automatic),20.05,1360.25,19.432142857142857,1403.5,49-72,0,0,0,0,0.012937283003270995,correct,False
Male,0,No,Yes,39,Yes,Yes,Fiber optic,No,No,No,Yes,Yes,Yes,Two year,No,Mailed check,100.55,3895.35,99.88076923076923,3921.45,25-48,3,0,0,0,0.18433928395598484,correct,False
Male,0,Yes,No,2,Yes,No,No,No internet service,No internet service,No internet service,No internet service,No internet service,No internet service,Month-to-month,No,Mailed check,20.0,38.0,19.0,40.0,0-6,0,0,0,0,0.4240592942680504,correct,True
Male,0,No,No,18,Yes,Yes,Fiber optic,No,No,No,No,No,No,Month-to-month,Yes,Bank transfer (automatic),75.6,1395.05,77.50277777777778,1360.8,13-24,0,0,0,1,0.7017921936650653,false_positive,False
Male,1,No,No,72,Yes,Yes,No,No internet service,No internet service,No internet service,No internet service,No internet service,No internet service,Two year,Yes,Credit card (automatic),25.1,1789.9,24.859722222222224,1807.2,49-72,0,0,0,0,0.03272244334580535,correct,False
Male,0,No,Yes,47,Yes,No,DSL,Yes,Yes,No,No,No,No,Month-to-month,Yes,Electronic check,55.3,2654.05,56.469148936170214,2599.1,25-48,2,1,0,0,0.19835861213274616,correct,False
Female,0,Yes,Yes,22,Yes,No,No,No internet service,No internet service,No internet service,No internet service,No internet service,No internet service,Month-to-month,No,Mailed check,19.9,400.3,18.195454545454545,437.79999999999995,13-24,0,0,0,0,0.13731535905780362,correct,False
Male,0,Yes,Yes,71,Yes,Yes,DSL,Yes,Yes,Yes,Yes,Yes,Yes,Two year,No,Credit card (automatic),89.9,6457.15,90.94577464788732,6382.900000000001,49-72,6,0,0,0,0.03390975536973301,correct,False
Male,0,No,No,8,Yes,Yes,Fiber optic,No,No,No,No,No,No,Month-to-month,Yes,Electronic check,74.85,572.45,71.55625,598.8,7-12,0,1,0,1,0.8394090077849264,false_positive,False
Female,0,Yes,Yes,71,Yes,No,No,No internet service,No internet service,No internet service,No internet service,No internet service,No internet service,Two year,No,Bank transfer (automatic),19.9,1389.35,19.56830985915493,1412.8999999999999,49-72,0,0,0,0,0.012117494356800524,correct,False
Female,0,No,No,53,Yes,No,Fiber optic,No,Yes,Yes,Yes,No,Yes,One year,Yes,Credit card (automatic),94.45,5042.75,95.14622641509433,5005.85,49-72,4,0,0,0,0.2918894991339559,correct,False
Male,1,Yes,No,37,Yes,No,Fiber optic,No,No,No,No,No,No,Month-to-month,Yes,Bank transfer (automatic),72.25,2575.45,69.60675675675675,2673.25,25-48,0,0,0,1,0.5602467527738759,false_positive,True
Male,0,Yes,No,64,Yes,Yes,DSL,No,Yes,No,Yes,No,Yes,One year,Yes,Mailed check,70.15,4480.7,70.0109375,4489.6,49-72,3,0,0,0,0.15488788905016568,correct,False
Male,0,No,Yes,5,Yes,No,DSL,No,No,No,Yes,No,No,Month-to-month,Yes,Bank transfer (automatic),48.65,235.2,47.04,243.25,0-6,1,0,0,1,0.573223187664371,false_positive,True
Female,0,No,No,60,Yes,Yes,Fiber optic,No,Yes,Yes,No,Yes,Yes,Two year,No,Electronic check,104.7,6333.8,105.56333333333333,6282.0,49-72,4,1,0,0,0.26564405189322343,correct,False
Male,0,No,No,2,Yes,No,DSL,No,Yes,No,No,No,No,Month-to-month,Yes,Mailed check,50.3,92.75,46.375,100.6,0-6,1,0,0,1,0.6687796028768642,false_positive,False
Female,0,No,No,25,No,No phone service,DSL,No,No,Yes,Yes,Yes,Yes,One year,No,Electronic check,54.2,1423.15,56.926,1355.0,25-48,4,1,0,0,0.38293490562069543,correct,False
Female,0,Yes,Yes,6,Yes,No,No,No internet service,No internet service,No internet service,No internet service,No internet service,No internet service,Month-to-month,No,Mailed check,19.7,113.5,18.916666666666668,118.19999999999999,0-6,0,0,0,0,0.34540560158138633,correct,False
Male,0,Yes,Yes,60,Yes,Yes,Fiber optic,Yes,No,Yes,Yes,Yes,Yes,Two year,Yes,Electronic check,110.6,6586.85,109.78083333333333,6636.0,49-72,5,1,0,0,0.2088825145881381,correct,False
Female,0,No,No,30,Yes,Yes,Fiber optic,No,Yes,No,No,Yes,Yes,Month-to-month,Yes,Electronic check,100.2,2983.8,99.46000000000001,3006.0,25-48,3,1,1,1,0.8004261930713222,correct,False
Male,0,No,No,67,No,No phone service,DSL,Yes,No,Yes,Yes,Yes,No,One year,Yes,Bank transfer (automatic),49.35,3321.35,49.57238805970149,3306.4500000000003,49-72,4,0,0,0,0.1291173338722393,correct,False
Male,0,No,No,53,Yes,Yes,No,No internet service,No internet service,No internet service,No internet service,No internet service,No internet service,One year,No,Bank transfer (automatic),24.05,1301.9,24.56415094339623,1274.65,49-72,0,0,0,0,0.07241993604076999,correct,False
Female,0,Yes,Yes,10,Yes,No,DSL,No,No,Yes,Yes,No,No,Month-to-month,No,Credit card (automatic),55.2,528.35,52.835,552.0,7-12,2,0,1,0,0.30332349168794626,false_negative,False
Female,0,No,No,1,Yes,No,DSL,No,No,No,Yes,No,No,Month-to-month,Yes,Electronic check,52.2,52.2,52.2,52.2,0-6,1,1,1,1,0.7049795871756334,correct,False
Male,0,Yes,No,55,No,No phone service,DSL,No,No,Yes,Yes,Yes,Yes,Month-to-month,Yes,Bank transfer (automatic),54.55,2978.3,54.150909090909096,3000.25,49-72,4,0,1,0,0.45571750989694526,false_negative,True
Female,0,No,No,70,Yes,Yes,DSL,Yes,Yes,Yes,No,Yes,Yes,Two year,No,Mailed check,84.7,5991.05,85.58642857142857,5929.0,49-72,5,0,0,0,0.05242185970925029,correct,False
Female,0,Yes,No,34,Yes,No,DSL,No,No,No,Yes,No,No,Month-to-month,No,Bank transfer (automatic),50.2,1815.3,53.391176470588235,1706.8000000000002,25-48,1,0,0,0,0.20007011442910239,correct,False
Female,0,No,No,68,Yes,Yes,Fiber optic,Yes,Yes,No,Yes,Yes,Yes,Two year,No,Credit card (automatic),110.25,7279.35,107.04926470588236,7497.0,49-72,5,0,0,0,0.0963049208146534,correct,False
Female,0,Yes,No,59,Yes,Yes,Fiber optic,Yes,Yes,Yes,No,Yes,Yes,One year,Yes,Credit card (automatic),109.15,6557.75,111.14830508474576,6439.85,49-72,5,0,0,0,0.3916441721594512,correct,False
Female,0,No,No,9,Yes,No,Fiber optic,Yes,No,No,No,No,No,Month-to-month,Yes,Electronic check,74.85,708.2,78.6888888888889,673.65,7-12,1,1,0,1,0.7139484930159868,false_positive,False
Male,0,No,No,6,Yes,No,Fiber optic,No,No,No,No,Yes,No,Month-to-month,Yes,Credit card (automatic),80.5,463.05,77.175,483.0,0-6,1,0,1,1,0.8753356448692398,correct,False
Male,0,Yes,No,50,Yes,Yes,Fiber optic,Yes,No,Yes,No,Yes,Yes,One year,Yes,Electronic check,103.95,5231.3,104.626,5197.5,49-72,4,1,0,1,0.5791176591961599,false_positive,True
Female,1,Yes,Yes,72,Yes,Yes,DSL,Yes,Yes,Yes,Yes,Yes,Yes,Two year,No,Credit card (automatic),92.45,6440.25,89.44791666666667,6656.400000000001,49-72,6,0,1,0,0.03551406413866858,false_negative,False
Male,1,Yes,No,41,No,No phone service,DSL,No,Yes,Yes,No,Yes,Yes,Month-to-month,Yes,Electronic check,53.95,2215.4,54.03414634146342,2211.9500000000003,25-48,4,1,0,1,0.6474427089462548,false_positive,False
Male,0,No,No,4,Yes,No,DSL,No,No,No,Yes,No,No,Month-to-month,Yes,Mailed check,50.8,202.3,50.575,203.2,0-6,1,0,0,1,0.6210250371640308,false_positive,False
Male,0,Yes,Yes,47,No,No phone service,DSL,Yes,No,Yes,Yes,No,No,One year,No,Electronic check,40.3,1794.8,38.18723404255319,1894.1,25-48,3,1,0,0,0.10609426506236944,correct,False
Male,0,Yes,Yes,62,Yes,Yes,Fiber optic,Yes,Yes,No,No,Yes,No,One year,Yes,Credit card (automatic),94.95,5791.85,93.41693548387097,5886.900000000001,49-72,3,0,0,0,0.2621192452111617,correct,False
Female,0,Yes,Yes,18,Yes,No,No,No internet service,No internet service,No internet service,No internet service,No internet service,No internet service,Month-to-month,No,Mailed check,20.45,357.0,19.833333333333332,368.09999999999997,13-24,0,0,0,0,0.1474051958668004,correct,False
Female,0,Yes,No,3,Yes,Yes,Fiber optic,No,No,No,No,No,No,Month-to-month,Yes,Electronic check,75.85,256.6,85.53333333333335,227.54999999999998,0-6,0,1,1,1,0.9165619521549011,correct,False
Male,0,No,No,65,Yes,Yes,No,No internet service,No internet service,No internet service,No internet service,No internet service,No internet service,Two year,Yes,Bank transfer (automatic),25.1,1725.0,26.53846153846154,1631.5,49-72,0,0,0,0,0.03256179240097621,correct,False
Male,0,Yes,No,59,Yes,Yes,Fiber optic,No,No,No,No,No,Yes,One year,No,Electronic check,85.55,5084.65,86.18050847457627,5047.45,49-72,1,1,1,0,0.44503074663407693,false_negative,True
Female,0,No,No,60,Yes,No,DSL,No,Yes,Yes,Yes,Yes,No,One year,Yes,Credit card (automatic),70.15,4224.7,70.41166666666666,4209.0,49-72,4,0,0,0,0.11849800862097941,correct,False
Female,0,No,No,10,Yes,No,No,No internet service,No internet service,No internet service,No internet service,No internet service,No internet service,Month-to-month,Yes,Mailed check,20.55,187.35,18.735,205.5,7-12,0,0,0,0,0.2918581119177305,correct,False
Male,0,Yes,Yes,7,No,No phone service,DSL,Yes,Yes,Yes,No,No,No,Two year,No,Mailed check,38.55,280.0,40.0,269.84999999999997,7-12,3,0,0,0,0.111358459728402,correct,False
Male,0,No,No,28,Yes,No,Fiber optic,No,No,Yes,Yes,No,Yes,Month-to-month,No,Electronic check,91.0,2626.15,93.79107142857143,2548.0,25-48,3,1,0,1,0.5872620576167179,false_positive,True
Male,1,Yes,No,29,Yes,Yes,Fiber optic,No,No,No,Yes,No,No,Month-to-month,Yes,Electronic check,79.3,2414.55,83.26034482758621,2299.7,25-48,1,1,0,1,0.7111859892861259,false_positive,False
Male,0,Yes,Yes,0,Yes,No,No,No internet service,No internet service,No internet service,No internet service,No internet service,No internet service,One year,Yes,Mailed check,19.7,,,0.0,0-6,0,0,0,0,0.2909888113779499,correct,False
Female,0,No,No,37,Yes,Yes,DSL,Yes,No,No,No,Yes,No,One year,No,Bank transfer (automatic),64.65,2347.85,63.4554054054054,2392.05,25-48,2,0,0,0,0.15790249271484466,correct,False
Female,0,Yes,Yes,45,Yes,Yes,No,No internet service,No internet service,No internet service,No internet service,No internet service,No internet service,Two year,Yes,Bank transfer (automatic),24.65,1138.8,25.306666666666665,1109.25,25-48,0,0,0,0,0.03372319138386424,correct,False
Male,0,Yes,No,61,Yes,Yes,DSL,No,Yes,Yes,No,Yes,Yes,One year,Yes,Electronic check,79.8,4914.8,80.57049180327868,4867.8,49-72,4,1,0,0,0.34112255327925145,correct,False
Female,0,Yes,No,64,Yes,No,No,No internet service,No internet service,No internet service,No internet service,No internet service,No internet service,Two year,No,Credit card (automatic),19.45,1208.6,18.884375,1244.8,49-72,0,0,0,0,0.018000722442943092,correct,False
Male,0,Yes,Yes,63,Yes,Yes,Fiber optic,No,Yes,No,No,No,Yes,One year,Yes,Electronic check,91.35,5764.7,91.5031746031746,5755.049999999999,49-72,2,1,0,0,0.4161721465730009,correct,True
Female,1,Yes,No,37,Yes,Yes,Fiber optic,No,No,No,No,No,No,Month-to-month,Yes,Electronic check,76.5,2868.15,77.51756756756757,2830.5,25-48,0,1,1,1,0.7155320231975395,correct,False
Female,1,Yes,No,72,Yes,Yes,No,No internet service,No internet service,No internet service,No internet service,No internet service,No internet service,Two year,No,Bank transfer (automatic),24.3,1778.7,24.704166666666666,1749.6000000000001,49-72,0,0,0,0,0.023576067147523166,correct,False
Female,0,Yes,Yes,66,Yes,Yes,DSL,Yes,Yes,Yes,Yes,Yes,Yes,Two year,No,Credit card (automatic),89.9,5958.85,90.28560606060607,5933.400000000001,49-72,6,0,0,0,0.036840221750214494,correct,False
Female,0,No,No,1,Yes,Yes,Fiber optic,No,No,No,No,Yes,Yes,Month-to-month,No,Mailed check,95.65,95.65,95.65,95.65,0-6,2,0,1,1,0.9099935589493792,correct,False
Female,0,Yes,No,9,Yes,No,Fiber optic,No,No,No,No,No,Yes,Month-to-month,Yes,Electronic check,79.75,769.1,85.45555555555556,717.75,7-12,1,1,0,1,0.8361482146814109,false_positive,False
Male,0,No,No,1,No,No phone service,DSL,No,No,No,No,No,No,Month-to-month,No,Mailed check,25.35,25.35,25.35,25.35,0-6,0,0,0,1,0.7237837261917395,false_positive,False
Female,1,No,No,4,Yes,No,Fiber optic,No,Yes,Yes,No,Yes,Yes,Month-to-month,Yes,Credit card (automatic),99.8,442.85,110.7125,399.2,0-6,4,0,1,1,0.909189548244048,correct,False
Female,1,Yes,No,38,Yes,Yes,Fiber optic,No,No,No,No,No,No,Month-to-month,Yes,Bank transfer (automatic),74.95,2869.85,75.52236842105263,2848.1,25-48,0,0,1,1,0.6344851188025503,correct,False
Male,0,Yes,Yes,44,Yes,No,DSL,No,Yes,Yes,Yes,No,No,Month-to-month,Yes,Mailed check,61.9,2924.05,66.45568181818182,2723.6,25-48,3,0,0,0,0.16602113773712282,correct,False
Female,0,Yes,No,22,Yes,No,DSL,No,Yes,Yes,No,No,No,Month-to-month,Yes,Mailed check,54.7,1178.75,53.57954545454545,1203.4,13-24,2,0,0,0,0.36317912642224476,correct,False
Female,0,No,No,53,Yes,Yes,Fiber optic,Yes,No,Yes,No,Yes,Yes,One year,Yes,Credit card (automatic),106.95,5785.5,109.16037735849056,5668.35,49-72,4,0,1,0,0.43627587712527816,false_negative,True
Male,1,Yes,No,23,Yes,No,Fiber optic,No,No,No,No,Yes,Yes,Month-to-month,Yes,Electronic check,90.45,2117.25,92.05434782608695,2080.35,13-24,2,1,0,1,0.8338920829589751,false_positive,False
Female,0,No,No,20,Yes,No,No,No internet service,No internet service,No internet service,No internet service,No internet service,No internet service,Month-to-month,Yes,Credit card (automatic),18.9,347.65,17.3825,378.0,13-24,0,0,0,0,0.2232457619569934,correct,False
Male,0,No,No,51,Yes,Yes,No,No internet service,No internet service,No internet service,No internet service,No internet service,No internet service,Two year,No,Mailed check,24.75,1234.6,24.2078431372549,1262.25,49-72,0,0,0,0,0.03276795967153658,correct,False
Male,0,Yes,Yes,62,Yes,No,No,No internet service,No internet service,No internet service,No internet service,No internet service,No internet service,Two year,No,Credit card (automatic),20.65,1218.45,19.65241935483871,1280.3,49-72,0,0,0,0,0.01542317879666081,correct,False
Male,0,No,No,7,Yes,No,No,No internet service,No internet service,No internet service,No internet service,No internet service,No internet service,Month-to-month,Yes,Mailed check,18.95,130.55,18.650000000000002,132.65,7-12,0,0,0,0,0.3210225144680835,correct,False
Female,0,No,No,17,Yes,No,Fiber optic,No,Yes,No,No,Yes,No,Month-to-month,Yes,Electronic check,83.55,1329.15,78.18529411764706,1420.35,13-24,2,1,0,1,0.7525466205079636,false_positive,False
Male,0,No,Yes,41,Yes,No,DSL,Yes,Yes,Yes,No,Yes,No,One year,No,Mailed check,70.2,2894.55,70.59878048780489,2878.2000000000003,25-48,4,0,0,0,0.08312947348888328,correct,False
Female,0,No,No,7,Yes,No,Fiber optic,No,Yes,No,No,Yes,Yes,One year,Yes,Mailed check,94.05,633.45,90.49285714285715,658.35,7-12,3,0,0,1,0.6703321161148896,false_positive,False
Male,0,No,Yes,1,Yes,Yes,DSL,No,No,No,No,No,No,Month-to-month,Yes,Electronic check,50.05,50.05,50.05,50.05,0-6,0,1,0,1,0.7933026092476846,false_positive,False
Female,0,Yes,No,64,Yes,Yes,DSL,No,No,Yes,Yes,No,No,One year,No,Bank transfer (automatic),58.35,3756.45,58.69453125,3734.4,49-72,2,0,0,0,0.09807199090473459,correct,False
Female,0,No,No,3,Yes,Yes,Fiber optic,No,No,No,No,No,No,Month-to-month,Yes,Electronic check,75.5,220.6,73.53333333333333,226.5,0-6,0,1,1,1,0.9152052705378508,correct,False
Female,1,Yes,No,50,Yes,No,Fiber optic,No,No,No,No,No,No,Month-to-month,Yes,Electronic check,71.05,3444.85,68.89699999999999,3552.5,49-72,0,1,1,1,0.6350016581783487,correct,False
Male,0,Yes,No,18,Yes,Yes,DSL,No,Yes,No,No,No,No,Month-to-month,No,Credit card (automatic),56.8,1074.65,59.70277777777778,1022.4,13-24,1,0,0,0,0.37263930124957223,correct,False
Female,0,Yes,Yes,13,Yes,No,DSL,No,No,No,No,No,Yes,Month-to-month,No,Electronic check,55.95,734.35,56.48846153846154,727.35,13-24,1,1,1,0,0.4716345902456253,false_negative,True
Male,0,Yes,Yes,69,Yes,No,DSL,Yes,Yes,No,Yes,Yes,Yes,Two year,No,Bank transfer (automatic),80.65,5542.55,80.3268115942029,5564.85,49-72,5,0,0,0,0.025124279831200694,correct,False
Female,0,No,No,1,Yes,Yes,Fiber optic,No,Yes,No,No,No,No,Month-to-month,Yes,Mailed check,79.15,79.15,79.15,79.15,0-6,1,0,0,1,0.8744838934255645,false_positive,False
Male,0,No,No,4,Yes,Yes,Fiber optic,Yes,No,No,No,Yes,No,Month-to-month,No,Electronic check,90.65,367.95,91.9875,362.6,0-6,2,1,0,1,0.8772318935870443,false_positive,False
Male,0,No,No,1,Yes,No,DSL,No,No,No,No,Yes,No,Month-to-month,Yes,Mailed check,53.5,53.5,53.5,53.5,0-6,1,0,1,1,0.7678771204692225,correct,False
Male,0,Yes,Yes,25,Yes,No,DSL,No,Yes,Yes,No,No,No,One year,No,Mailed check,53.65,1355.45,54.218,1341.25,25-48,2,0,0,0,0.13198520130349425,correct,False
Female,0,Yes,Yes,18,Yes,No,DSL,No,No,No,No,Yes,No,Month-to-month,No,Mailed check,55.95,1082.8,60.15555555555555,1007.1,13-24,1,0,0,0,0.34744654191494256,correct,False
Male,0,Yes,Yes,48,Yes,Yes,No,No internet service,No internet service,No internet service,No internet service,No internet service,No internet service,Two year,No,Mailed check,23.55,1173.35,24.444791666666664,1130.4,25-48,0,0,0,0,0.023975705460616187,correct,False
Male,0,No,No,26,Yes,No,No,No internet service,No internet service,No internet service,No internet service,No internet service,No internet service,One year,Yes,Credit card (automatic),20.65,595.5,22.903846153846153,536.9,25-48,0,0,0,0,0.10487911532373417,correct,False
Male,0,No,No,1,Yes,No,Fiber optic,No,No,No,No,No,No,Month-to-month,Yes,Electronic check,69.1,69.1,69.1,69.1,0-6,0,1,1,1,0.8975221823148279,correct,False
Female,0,No,Yes,4,No,No phone service,DSL,Yes,Yes,Yes,No,Yes,Yes,Month-to-month,Yes,Mailed check,57.2,223.75,55.9375,228.8,0-6,5,0,0,1,0.765269019877944,false_positive,False
Male,0,No,No,1,Yes,No,No,No internet service,No internet service,No internet service,No internet service,No internet service,No internet service,Month-to-month,No,Mailed check,20.3,20.3,20.3,20.3,0-6,0,0,0,0,0.4185105380968373,correct,True
Male,0,Yes,Yes,11,Yes,Yes,Fiber optic,No,No,No,No,No,No,Month-to-month,Yes,Electronic check,74.35,834.2,75.83636363636364,817.8499999999999,7-12,0,1,1,1,0.804693043867989,correct,False
Male,0,Yes,Yes,4,Yes,No,DSL,No,No,No,Yes,No,Yes,Month-to-month,No,Credit card (automatic),61.45,229.55,57.3875,245.8,0-6,2,0,1,1,0.570192913128121,correct,True
Female,1,No,No,8,Yes,No,No,No internet service,No internet service,No internet service,No internet service,No internet service,No internet service,Month-to-month,No,Electronic check,19.65,164.3,20.5375,157.2,7-12,0,1,1,0,0.3448038575708628,false_negative,False
Female,0,Yes,No,6,Yes,Yes,Fiber optic,No,Yes,No,No,No,Yes,Month-to-month,Yes,Electronic check,90.75,512.25,85.375,544.5,0-6,2,1,0,1,0.9255027276562499,false_positive,False
Male,0,No,No,72,Yes,Yes,DSL,Yes,Yes,Yes,Yes,Yes,Yes,Two year,No,Bank transfer (automatic),92.0,6632.75,92.12152777777777,6624.0,49-72,6,0,0,0,0.037000713156801264,correct,False
Female,0,No,No,27,Yes,No,DSL,Yes,Yes,No,No,No,No,Two year,No,Bank transfer (automatic),52.85,1498.65,55.50555555555556,1426.95,25-48,2,0,0,0,0.04594257435857365,correct,False
Female,1,No,Yes,1,Yes,No,Fiber optic,No,No,No,No,No,No,Month-to-month,Yes,Electronic check,71.0,71.0,71.0,71.0,0-6,0,1,1,1,0.8852726074331254,correct,False
Female,0,No,No,17,Yes,No,No,No internet service,No internet service,No internet service,No internet service,No internet service,No internet service,One year,No,Mailed check,20.15,353.65,20.802941176470586,342.54999999999995,13-24,0,0,0,0,0.09217200393991191,correct,False
Male,0,No,No,66,Yes,Yes,DSL,Yes,Yes,Yes,Yes,No,No,Two year,No,Bank transfer (automatic),68.75,4447.55,67.38712121212122,4537.5,49-72,4,0,0,0,0.02506921468934835,correct,False
Male,0,No,No,53,Yes,No,No,No internet service,No internet service,No internet service,No internet service,No internet service,No internet service,Two year,No,Credit card (automatic),19.5,1050.5,19.82075471698113,1033.5,49-72,0,0,0,0,0.02310628959807351,correct,False
Male,0,Yes,No,44,Yes,Yes,Fiber optic,Yes,No,Yes,No,No,No,Month-to-month,Yes,Credit card (automatic),84.8,3626.35,82.41704545454546,3731.2,25-48,2,0,0,0,0.4879474771504984,correct,True
Male,0,Yes,Yes,52,Yes,No,No,No internet service,No internet service,No internet service,No internet service,No internet service,No internet service,One year,Yes,Credit card (automatic),20.85,1071.6,20.607692307692307,1084.2,49-72,0,0,0,0,0.06331345262342374,correct,False
Male,1,Yes,No,70,Yes,Yes,DSL,Yes,Yes,Yes,Yes,Yes,Yes,Two year,No,Credit card (automatic),90.05,6333.4,90.47714285714285,6303.5,49-72,6,0,0,0,0.04931484638536407,correct,False
Female,0,No,No,1,Yes,Yes,No,No internet service,No internet service,No internet service,No internet service,No internet service,No internet service,Month-to-month,Yes,Mailed check,25.75,25.75,25.75,25.75,0-6,0,0,0,1,0.5728806591627579,false_positive,True
Male,0,Yes,No,61,Yes,Yes,Fiber optic,No,Yes,No,Yes,Yes,No,Two year,Yes,Electronic check,94.1,5638.3,92.43114754098362,5740.099999999999,49-72,3,1,1,0,0.22720465045160246,false_negative,False
Male,0,Yes,Yes,19,Yes,Yes,Fiber optic,No,No,No,Yes,Yes,Yes,One year,Yes,Electronic check,100.95,1875.55,98.71315789473684,1918.05,13-24,3,1,1,1,0.6513111768571241,correct,False
Female,0,Yes,Yes,11,Yes,No,No,No internet service,No internet service,No internet service,No internet service,No internet service,No internet service,One year,No,Mailed check,20.6,233.9,21.263636363636365,226.60000000000002,7-12,0,0,0,0,0.1026246453411334,correct,False
Male,0,No,No,26,Yes,No,Fiber optic,No,Yes,No,No,Yes,No,Month-to-month,Yes,Electronic check,85.75,2146.5,82.5576923076923,2229.5,25-48,2,1,0,1,0.7047814279525495,false_positive,False
Female,0,No,No,60,Yes,No,No,No internet service,No internet service,No internet service,No internet service,No internet service,No internet service,Two year,No,Bank transfer (automatic),19.85,1128.1,18.801666666666666,1191.0,49-72,0,0,0,0,0.018628301337705454,correct,False
Male,0,No,No,1,Yes,No,Fiber optic,No,No,Yes,No,Yes,No,Month-to-month,Yes,Electronic check,84.85,84.85,84.85,84.85,0-6,2,1,1,1,0.9208137687279301,correct,False
Male,0,No,No,26,Yes,Yes,Fiber optic,Yes,Yes,No,No,Yes,No,Month-to-month,Yes,Credit card (automatic),92.4,2349.8,90.37692307692308,2402.4,25-48,3,0,0,1,0.6302903922116151,false_positive,False
Male,1,No,No,24,Yes,Yes,Fiber optic,No,Yes,No,No,No,No,Month-to-month,Yes,Electronic check,80.5,2088.45,87.01875,1932.0,13-24,1,1,0,1,0.7519535607098554,false_positive,False
Male,0,Yes,Yes,22,Yes,No,Fiber optic,No,Yes,Yes,No,Yes,Yes,One year,Yes,Mailed check,100.05,2090.25,95.01136363636364,2201.1,13-24,4,0,0,1,0.510874543425691,false_positive,True
Female,0,Yes,No,51,Yes,Yes,Fiber optic,No,No,Yes,No,Yes,Yes,One year,Yes,Electronic check,98.85,4947.55,97.0107843137255,5041.349999999999,49-72,3,1,0,1,0.6511278185681165,false_positive,False
Male,1,Yes,No,61,Yes,Yes,Fiber optic,No,Yes,No,Yes,No,No,One year,Yes,Bank transfer (automatic),85.55,5251.75,86.09426229508196,5218.55,49-72,2,0,0,0,0.2905679423370777,correct,False
Male,0,Yes,No,44,No,No phone service,DSL,No,Yes,Yes,No,Yes,Yes,Two year,No,Bank transfer (automatic),54.3,2390.45,54.32840909090908,2389.2,25-48,4,0,0,0,0.12210671259907364,correct,False
Female,0,Yes,Yes,0,Yes,No,DSL,Yes,Yes,Yes,No,Yes,Yes,Two year,No,Mailed check,80.85,,,0.0,0-6,5,0,0,0,0.24241784880245393,correct,False
Female,0,No,No,5,Yes,No,Fiber optic,No,No,No,Yes,No,No,Month-to-month,Yes,Mailed check,75.65,399.45,79.89,378.25,0-6,1,0,0,1,0.7934771537943175,false_positive,False
Female,0,Yes,No,1,Yes,No,Fiber optic,No,No,No,No,Yes,No,Month-to-month,No,Electronic check,78.8,78.8,78.8,78.8,0-6,1,1,1,1,0.893538499413973,correct,False
Male,0,No,No,26,Yes,Yes,DSL,Yes,Yes,No,No,No,No,One year,No,Electronic check,61.55,1581.95,60.84423076923077,1600.3,25-48,2,1,0,0,0.18595404018418402,correct,False
Female,0,No,No,15,Yes,Yes,Fiber optic,Yes,No,Yes,No,No,No,Month-to-month,Yes,Credit card (automatic),84.35,1302.65,86.84333333333333,1265.25,13-24,2,0,0,1,0.6420115545495666,false_positive,False
Male,0,Yes,No,4,Yes,No,Fiber optic,No,No,No,No,Yes,No,Month-to-month,Yes,Electronic check,80.35,307.4,76.85,321.4,0-6,1,1,1,1,0.9173379014355572,correct,False
Male,0,Yes,No,12,Yes,No,Fiber optic,Yes,Yes,Yes,No,No,No,Month-to-month,Yes,Electronic check,84.6,959.9,79.99166666666666,1015.1999999999999,7-12,3,1,0,1,0.6886921185283782,false_positive,False
Male,0,No,Yes,1,Yes,No,DSL,No,No,No,Yes,No,No,Month-to-month,Yes,Mailed check,49.9,49.9,49.9,49.9,0-6,1,0,1,1,0.5922173491593752,correct,True
Male,0,Yes,Yes,22,Yes,No,DSL,Yes,Yes,No,Yes,No,No,Month-to-month,Yes,Mailed check,57.95,1271.8,57.809090909090905,1274.9,13-24,3,0,0,0,0.20449054704168984,correct,False
Male,0,Yes,No,49,No,No phone service,DSL,No,Yes,No,No,Yes,Yes,Two year,No,Credit card (automatic),49.65,2409.9,49.18163265306123,2432.85,49-72,3,0,0,0,0.13607524636937995,correct,False
Male,0,No,No,13,Yes,No,No,No internet service,No internet service,No internet service,No internet service,No internet service,No internet service,Two year,No,Mailed check,19.75,265.75,20.442307692307693,256.75,13-24,0,0,0,0,0.046052789028005095,correct,False
Female,0,Yes,No,66,Yes,Yes,Fiber optic,No,Yes,Yes,Yes,No,No,One year,Yes,Bank transfer (automatic),90.55,6130.95,92.89318181818182,5976.3,49-72,3,0,0,0,0.2326465910676488,correct,False
Male,0,Yes,No,62,No,No phone service,DSL,No,No,No,Yes,Yes,No,Two year,Yes,Bank transfer (automatic),39.0,2337.45,37.7008064516129,2418.0,49-72,2,0,0,0,0.0932743013231106,correct,False
Male,0,Yes,Yes,66,Yes,Yes,DSL,No,No,Yes,No,Yes,No,Two year,Yes,Bank transfer (automatic),63.3,4189.7,63.48030303030303,4177.8,49-72,2,0,0,0,0.08361026849540579,correct,False
Female,0,No,No,3,No,No phone service,DSL,No,No,No,No,Yes,No,Month-to-month,No,Credit card (automatic),35.2,108.95,36.31666666666667,105.60000000000001,0-6,1,0,1,1,0.7646766489851239,correct,False
Male,0,No,No,63,Yes,Yes,DSL,Yes,Yes,Yes,Yes,No,No,One year,No,Bank transfer (automatic),68.8,4111.35,65.25952380952381,4334.4,49-72,4,0,0,0,0.0623772003865522,correct,False
Male,0,Yes,Yes,15,Yes,No,No,No internet service,No internet service,No internet service,No internet service,No internet service,No internet service,Two year,No,Mailed check,19.35,278.85,18.59,290.25,13-24,0,0,0,0,0.037651169802944646,correct,False
Female,0,Yes,No,43,Yes,Yes,Fiber optic,Yes,Yes,No,No,No,Yes,Month-to-month,Yes,Electronic check,94.1,4107.3,95.51860465116279,4046.2999999999997,25-48,3,1,0,1,0.6206032180218445,false_positive,False
Male,1,No,No,65,Yes,Yes,Fiber optic,Yes,No,Yes,Yes,Yes,Yes,Two year,Yes,Electronic check,109.05,7108.2,109.35692307692307,7088.25,49-72,5,1,0,0,0.25253078866069895,correct,False
Female,0,No,No,2,Yes,Yes,Fiber optic,No,No,No,No,No,Yes,Month-to-month,Yes,Electronic check,85.7,169.8,84.9,171.4,0-6,1,1,1,1,0.9378747963723867,correct,False
Female,0,No,No,14,Yes,No,DSL,Yes,No,No,No,No,No,Month-to-month,No,Bank transfer (automatic),50.1,709.5,50.67857142857143,701.4,13-24,1,0,0,0,0.26822996767453555,correct,False
Female,0,Yes,Yes,68,Yes,Yes,Fiber optic,Yes,No,Yes,Yes,Yes,Yes,Two year,Yes,Bank transfer (automatic),109.05,7508.55,110.41985294117647,7415.4,49-72,5,0,0,0,0.1300219264618142,correct,False
Male,0,No,No,20,Yes,No,No,No internet service,No internet service,No internet service,No internet service,No internet service,No internet service,Month-to-month,Yes,Credit card (automatic),19.6,356.15,17.807499999999997,392.0,13-24,0,0,0,0,0.22627584012165927,correct,False
Female,0,Yes,Yes,57,Yes,Yes,DSL,Yes,Yes,No,Yes,No,No,Month-to-month,No,Bank transfer (automatic),65.2,3687.85,64.69912280701755,3716.4,49-72,3,0,0,0,0.1112338634409362,correct,False
Male,0,No,No,72,Yes,No,No,No internet service,No internet service,No internet service,No internet service,No internet service,No internet service,Two year,Yes,Credit card (automatic),19.8,1468.75,20.399305555555557,1425.6000000000001,49-72,0,0,0,0,0.020698813400974552,correct,False
Male,0,No,No,6,Yes,No,Fiber optic,No,Yes,No,No,No,Yes,Month-to-month,Yes,Electronic check,84.4,556.35,92.72500000000001,506.40000000000003,0-6,2,1,1,1,0.9011469418201755,correct,False
Male,0,No,No,53,Yes,Yes,DSL,No,Yes,Yes,Yes,No,Yes,Two year,Yes,Bank transfer (automatic),73.9,3958.25,74.68396226415095,3916.7000000000003,49-72,4,0,0,0,0.08855067047505963,correct,False
Female,0,Yes,Yes,57,Yes,No,DSL,Yes,No,No,No,Yes,Yes,One year,Yes,Bank transfer (automatic),70.1,3913.3,68.65438596491228,3995.7,49-72,3,0,1,0,0.1498047934482437,false_negative,False
Male,0,No,No,1,Yes,No,No,No internet service,No internet service,No internet service,No internet service,No internet service,No internet service,Month-to-month,Yes,Mailed check,20.1,20.1,20.1,20.1,0-6,0,0,1,1,0.5058079091274866,correct,True
Male,0,No,No,15,Yes,Yes,DSL,No,No,No,No,No,No,Month-to-month,Yes,Electronic check,49.0,749.25,49.95,735.0,13-24,0,1,0,1,0.6065461441737705,false_positive,False
Female,1,No,No,40,Yes,No,Fiber optic,Yes,Yes,No,No,No,No,Month-to-month,Yes,Credit card (automatic),79.2,3233.85,80.84625,3168.0,25-48,2,0,1,0,0.419732399324416,false_negative,True
Male,0,No,No,71,No,No phone service,DSL,Yes,Yes,Yes,Yes,Yes,No,Two year,No,Bank transfer (automatic),53.95,3888.65,54.76971830985916,3830.4500000000003,49-72,5,0,0,0,0.033403506502719706,correct,False
Female,1,Yes,No,13,No,No phone service,DSL,No,No,No,No,Yes,Yes,Month-to-month,No,Electronic check,45.3,528.45,40.650000000000006,588.9,13-24,2,1,0,1,0.733959763516828,false_positive,False
Female,0,Yes,No,72,Yes,Yes,DSL,Yes,Yes,Yes,Yes,Yes,Yes,Two year,Yes,Bank transfer (automatic),91.15,6637.9,92.19305555555555,6562.8,49-72,6,0,0,0,0.052823335673887244,correct,False
Female,0,Yes,Yes,52,Yes,Yes,Fiber optic,No,Yes,Yes,No,Yes,No,One year,Yes,Credit card (automatic),95.7,4976.15,95.6951923076923,4976.400000000001,49-72,3,0,0,0,0.38192987702239506,correct,False
Female,0,Yes,No,63,Yes,No,Fiber optic,Yes,No,Yes,No,No,No,One year,Yes,Credit card (automatic),81.15,5224.5,82.92857142857143,5112.450000000001,49-72,2,0,0,0,0.20305560883927234,correct,False
Male,0,No,No,29,Yes,No,No,No internet service,No internet service,No internet service,No internet service,No internet service,No internet service,One year,No,Mailed check,19.1,529.5,18.25862068965517,553.9000000000001,25-48,0,0,0,0,0.07387651866534041,correct,False
Female,0,No,No,29,Yes,Yes,Fiber optic,No,No,Yes,No,Yes,Yes,Month-to-month,No,Bank transfer (automatic),100.55,2878.75,99.26724137931035,2915.95,25-48,3,0,0,1,0.6958220677982299,false_positive,False
Male,0,No,No,3,Yes,No,No,No internet service,No internet service,No internet service,No internet service,No internet service,No internet service,Month-to-month,Yes,Credit card (automatic),20.75,67.1,22.366666666666664,62.25,0-6,0,0,0,0,0.49014197412939736,correct,True
Male,0,Yes,Yes,19,Yes,No,No,No internet service,No internet service,No internet service,No internet service,No internet service,No internet service,Month-to-month,No,Mailed check,20.6,414.95,21.839473684210525,391.40000000000003,13-24,0,0,0,0,0.14784688433704002,correct,False
Male,0,Yes,Yes,61,Yes,Yes,Fiber optic,No,No,Yes,No,Yes,Yes,One year,Yes,Electronic check,99.9,6241.35,102.31721311475411,6093.900000000001,49-72,3,1,0,1,0.5460214878467778,false_positive,True
Female,0,No,No,10,Yes,No,DSL,No,No,Yes,Yes,No,No,Month-to-month,No,Electronic check,54.25,583.0,58.3,542.5,7-12,2,1,0,0,0.4311439295957677,correct,True
Female,0,Yes,No,67,Yes,Yes,Fiber optic,No,Yes,Yes,Yes,Yes,Yes,One year,Yes,Credit card (automatic),109.7,7344.45,109.6186567164179,7349.900000000001,49-72,5,0,0,0,0.3609851675570836,correct,False
Male,0,No,No,42,Yes,No,No,No internet service,No internet service,No internet service,No internet service,No internet service,No internet service,One year,Yes,Mailed check,19.55,839.4,19.985714285714284,821.1,25-48,0,0,0,0,0.07571577045831117,correct,False
Female,0,No,No,1,Yes,No,Fiber optic,No,Yes,No,No,No,No,Month-to-month,Yes,Electronic check,75.7,75.7,75.7,75.7,0-6,1,1,1,1,0.8764787329773638,correct,False
Female,0,No,No,5,Yes,Yes,Fiber optic,No,No,No,No,Yes,No,Month-to-month,Yes,Electronic check,84.0,424.75,84.95,420.0,0-6,1,1,0,1,0.9341983923973639,false_positive,False
Female,0,No,No,20,Yes,No,No,No internet service,No internet service,No internet service,No internet service,No internet service,No internet service,One year,No,Mailed check,19.5,403.15,20.1575,390.0,13-24,0,0,0,0,0.08747305098137088,correct,False
Male,1,No,No,1,Yes,No,Fiber optic,No,No,No,No,No,No,Month-to-month,Yes,Bank transfer (automatic),69.5,69.5,69.5,69.5,0-6,0,0,1,1,0.8742204209538202,correct,False
Male,0,No,No,6,Yes,No,Fiber optic,Yes,Yes,No,No,No,No,Month-to-month,Yes,Electronic check,78.95,494.95,82.49166666666666,473.70000000000005,0-6,2,1,0,1,0.8247908616436898,false_positive,False
Male,0,No,No,34,Yes,Yes,Fiber optic,No,Yes,Yes,No,Yes,Yes,Month-to-month,Yes,Electronic check,106.35,3549.25,104.38970588235294,3615.8999999999996,25-48,4,1,1,1,0.7876719219553212,correct,False
Male,0,No,No,21,Yes,No,No,No internet service,No internet service,No internet service,No internet service,No internet service,No internet service,Two year,No,Mailed check,19.6,390.4,18.59047619047619,411.6,13-24,0,0,0,0,0.03852900062794805,correct,False
Male,0,No,No,46,Yes,Yes,Fiber optic,No,Yes,Yes,Yes,Yes,Yes,Two year,No,Electronic check,108.65,4903.2,106.59130434782608,4997.900000000001,25-48,5,1,0,0,0.23789602780242133,correct,False
Male,0,Yes,Yes,34,Yes,Yes,Fiber optic,No,Yes,No,No,Yes,Yes,Month-to-month,Yes,Bank transfer (automatic),97.7,3410.0,100.29411764705883,3321.8,25-48,3,0,0,1,0.6953228403895423,false_positive,False
Male,0,No,Yes,29,No,No phone service,DSL,Yes,Yes,Yes,Yes,No,No,Month-to-month,Yes,Mailed check,45.0,1242.45,42.84310344827586,1305.0,25-48,4,0,0,0,0.2378973452878611,correct,False
Male,0,Yes,Yes,27,Yes,No,Fiber optic,Yes,Yes,No,No,No,No,One year,Yes,Credit card (automatic),80.65,2209.75,81.8425925925926,2177.55,25-48,2,0,0,0,0.2534398880354816,correct,False
Female,0,Yes,Yes,72,Yes,Yes,DSL,Yes,Yes,Yes,Yes,Yes,Yes,Two year,No,Credit card (automatic),89.8,6510.45,90.42291666666667,6465.599999999999,49-72,6,0,0,0,0.03219017769859087,correct,False
Female,0,No,No,42,Yes,No,DSL,Yes,No,Yes,No,No,No,Month-to-month,No,Credit card (automatic),54.55,2455.05,58.453571428571436,2291.1,25-48,2,0,0,0,0.161293530866106,correct,False
Female,1,No,No,27,Yes,Yes,Fiber optic,No,No,Yes,No,No,No,Month-to-month,Yes,Electronic check,78.05,2135.5,79.0925925925926,2107.35,25-48,1,1,1,1,0.7691343595496593,correct,False
Male,0,Yes,No,66,Yes,Yes,DSL,Yes,Yes,Yes,No,No,No,Two year,Yes,Credit card (automatic),66.1,4428.45,67.09772727272727,4362.599999999999,49-72,3,0,0,0,0.046356491010154134,correct,False
Female,0,No,No,2,Yes,Yes,Fiber optic,No,No,No,No,No,No,Month-to-month,Yes,Electronic check,75.55,166.3,83.15,151.1,0-6,0,1,1,1,0.9160754759709396,correct,False
Male,0,No,No,32,Yes,No,Fiber optic,No,No,No,Yes,Yes,Yes,Month-to-month,Yes,Electronic check,96.2,3183.4,99.48125,3078.4,25-48,3,1,1,1,0.7080992968721969,correct,False
Male,1,No,No,14,Yes,Yes,Fiber optic,No,No,No,No,No,No,Month-to-month,Yes,Electronic check,74.95,1036.75,74.05357142857143,1049.3,13-24,0,1,1,1,0.8186513098859979,correct,False
Male,0,No,No,19,Yes,No,Fiber optic,No,No,Yes,Yes,Yes,No,Month-to-month,No,Mailed check,89.95,1682.4,88.54736842105264,1709.05,13-24,3,0,0,1,0.5518970909430465,false_positive,True
Male,0,No,Yes,48,Yes,Yes,DSL,Yes,Yes,Yes,No,No,No,One year,Yes,Bank transfer (automatic),64.4,3035.35,63.23645833333333,3091.2000000000003,25-48,3,0,0,0,0.10076370513424363,correct,False
Male,0,No,No,4,Yes,No,Fiber optic,No,No,Yes,No,No,No,Month-to-month,Yes,Electronic check,73.9,280.85,70.2125,295.6,0-6,1,1,1,1,0.8923754005216026,correct,False
Male,1,Yes,No,57,Yes,Yes,Fiber optic,No,Yes,No,No,No,Yes,Month-to-month,Yes,Electronic check,89.85,4925.35,86.40964912280702,5121.45,49-72,2,1,0,1,0.7193326580610983,false_positive,False
Male,0,Yes,Yes,58,Yes,No,DSL,No,Yes,No,Yes,Yes,Yes,One year,Yes,Credit card (automatic),75.2,4300.8,74.15172413793104,4361.6,49-72,4,0,0,0,0.14313829603906575,correct,False
Female,1,Yes,No,56,Yes,Yes,DSL,Yes,Yes,Yes,Yes,No,No,One year,Yes,Credit card (automatic),68.45,4014.0,71.67857142857143,3833.2000000000003,49-72,4,0,0,0,0.11793708249592118,correct,False
Female,0,Yes,Yes,69,Yes,No,No,No internet service,No internet service,No internet service,No internet service,No internet service,No internet service,Two year,No,Bank transfer (automatic),19.75,1375.4,19.933333333333334,1362.75,49-72,0,0,0,0,0.012742946585224338,correct,False
Male,0,Yes,Yes,10,No,No phone service,DSL,Yes,Yes,Yes,Yes,No,Yes,Two year,No,Credit card (automatic),53.7,521.0,52.1,537.0,7-12,5,0,0,0,0.10732814976305169,correct,False
Female,0,Yes,Yes,3,Yes,No,Fiber optic,No,Yes,No,Yes,No,No,Month-to-month,Yes,Electronic check,80.0,241.3,80.43333333333334,240.0,0-6,2,1,0,1,0.8123275775160718,false_positive,False
Male,0,No,No,35,Yes,Yes,No,No internet service,No internet service,No internet service,No internet service,No internet service,No internet service,One year,No,Bank transfer (automatic),26.2,954.9,27.282857142857143,917.0,25-48,0,0,0,0,0.0821529858778637,correct,False
Female,0,Yes,Yes,11,Yes,No,No,No internet service,No internet service,No internet service,No internet service,No internet service,No internet service,Month-to-month,Yes,Mailed check,19.25,180.3,16.39090909090909,211.75,7-12,0,0,1,0,0.2585619861477682,false_negative,False
Male,0,Yes,No,56,Yes,Yes,Fiber optic,Yes,No,No,No,Yes,Yes,One year,Yes,Electronic check,100.55,5514.95,98.48125,5630.8,49-72,3,1,0,1,0.5337488962200829,false_positive,True
Male,0,Yes,Yes,51,Yes,Yes,No,No internet service,No internet service,No internet service,No internet service,No internet service,No internet service,Two year,Yes,Mailed check,24.95,1222.25,23.965686274509803,1272.45,49-72,0,0,0,0,0.03864400904986135,correct,False
Male,1,No,No,36,Yes,Yes,Fiber optic,Yes,No,No,No,Yes,No,Month-to-month,Yes,Electronic check,90.85,3186.7,88.51944444444445,3270.6,25-48,2,1,1,1,0.7091327452995969,correct,False
Male,0,No,Yes,5,Yes,No,No,No internet service,No internet service,No internet service,No internet service,No internet service,No internet service,Two year,No,Mailed check,20.45,106.9,21.380000000000003,102.25,0-6,0,0,0,0,0.09497944273017994,correct,False
Male,0,Yes,Yes,1,Yes,No,No,No internet service,No internet service,No internet service,No internet service,No internet service,No internet service,One year,No,Mailed check,20.4,20.4,20.4,20.4,0-6,0,0,0,0,0.2248297378973815,correct,False
Male,1,Yes,No,7,Yes,Yes,Fiber optic,No,No,No,No,No,No,Month-to-month,Yes,Mailed check,74.4,527.9,75.41428571428571,520.8000000000001,7-12,0,0,1,1,0.8192302191846653,correct,False
Male,0,Yes,No,69,Yes,No,DSL,Yes,Yes,No,No,No,No,One year,Yes,Credit card (automatic),53.65,3804.4,55.13623188405797,3701.85,49-72,2,0,0,0,0.07661884272307463,correct,False
Male,0,Yes,Yes,22,Yes,No,DSL,Yes,No,Yes,Yes,Yes,No,One year,Yes,Bank transfer (automatic),67.5,1544.05,70.18409090909091,1485.0,13-24,4,0,1,0,0.16062941773607567,false_negative,False
Female,0,No,No,63,Yes,Yes,No,No internet service,No internet service,No internet service,No internet service,No internet service,No internet service,Two year,No,Mailed check,24.2,1618.2,25.685714285714287,1524.6,49-72,0,0,0,0,0.02430562443344906,correct,False
Female,0,Yes,Yes,55,Yes,Yes,DSL,Yes,Yes,No,Yes,No,Yes,One year,Yes,Bank transfer (automatic),75.75,4264.25,77.53181818181818,4166.25,49-72,4,0,0,0,0.10809018320511943,correct,False
Female,0,No,No,3,Yes,No,DSL,No,No,Yes,No,Yes,No,Month-to-month,No,Electronic check,57.55,161.45,53.81666666666666,172.64999999999998,0-6,2,1,0,1,0.7632528271959658,false_positive,False
Male,0,Yes,Yes,67,Yes,No,DSL,Yes,Yes,Yes,No,Yes,Yes,Two year,No,Credit card (automatic),81.35,5398.6,80.57611940298509,5450.45,49-72,5,0,0,0,0.03502432732396714,correct,False
Female,0,No,No,3,No,No phone service,DSL,No,No,No,No,No,No,Month-to-month,No,Electronic check,25.25,58.9,19.633333333333333,75.75,0-6,0,1,1,1,0.7792012947754096,correct,False
Male,0,No,No,1,Yes,No,No,No internet service,No internet service,No internet service,No internet service,No internet service,No internet service,Month-to-month,No,Mailed check,19.75,19.75,19.75,19.75,0-6,0,0,0,0,0.42143331532196776,correct,True
Male,0,No,No,16,Yes,Yes,Fiber optic,No,No,No,Yes,No,Yes,Month-to-month,Yes,Credit card (automatic),89.05,1448.6,90.5375,1424.8,13-24,2,0,1,1,0.7270565238895443,correct,False
Male,0,No,Yes,62,Yes,Yes,Fiber optic,No,No,Yes,Yes,Yes,Yes,Two year,Yes,Electronic check,104.05,6590.5,106.29838709677419,6451.099999999999,49-72,4,1,0,0,0.26356297783070654,correct,False
Female,0,No,No,8,Yes,Yes,DSL,Yes,Yes,Yes,No,No,No,Month-to-month,Yes,Bank transfer (automatic),65.5,573.15,71.64375,524.0,7-12,3,0,0,0,0.45312262726326824,correct,True
Male,0,No,Yes,9,Yes,No,No,No internet service,No internet service,No internet service,No internet service,No internet service,No internet service,One year,No,Mailed check,20.1,190.25,21.13888888888889,180.9,7-12,0,0,0,0,0.10748405426603432,correct,False
Female,0,Yes,No,6,Yes,No,No,No internet service,No internet service,No internet service,No internet service,No internet service,No internet service,Month-to-month,No,Bank transfer (automatic),19.5,146.3,24.383333333333336,117.0,0-6,0,0,1,0,0.3912892389537548,false_negative,False
Female,0,No,No,28,Yes,Yes,DSL,Yes,No,Yes,No,No,No,One year,No,Mailed check,59.0,1654.45,59.0875,1652.0,25-48,2,0,0,0,0.15190919822147123,correct,False
Male,0,No,No,26,Yes,No,No,No internet service,No internet service,No internet service,No internet service,No internet service,No internet service,One year,No,Mailed check,19.4,525.55,20.213461538461537,504.4,25-48,0,0,0,0,0.07836597236467016,correct,False
Male,0,Yes,Yes,38,Yes,Yes,Fiber optic,No,No,Yes,No,Yes,Yes,Month-to-month,Yes,Credit card (automatic),101.15,3956.7,104.1236842105263,3843.7000000000003,25-48,3,0,0,1,0.6942154134622668,false_positive,False
Female,0,No,No,18,Yes,Yes,DSL,No,No,No,No,No,No,Month-to-month,Yes,Electronic check,50.3,913.3,50.73888888888889,905.4,13-24,0,1,0,1,0.574763947968154,false_positive,True
Female,0,Yes,Yes,3,No,No phone service,DSL,No,No,No,Yes,No,No,Month-to-month,Yes,Mailed check,31.0,95.05,31.683333333333334,93.0,0-6,1,0,1,1,0.6801230897859702,correct,False
Male,0,Yes,No,3,No,No phone service,DSL,No,No,No,No,No,No,Month-to-month,No,Mailed check,25.0,78.25,26.083333333333332,75.0,0-6,0,0,0,1,0.7232911794072605,false_positive,False
Male,0,Yes,No,70,Yes,Yes,DSL,No,Yes,Yes,Yes,Yes,No,Two year,No,Bank transfer (automatic),72.95,5265.55,75.22214285714286,5106.5,49-72,4,0,0,0,0.04529517684814518,correct,False
Male,0,Yes,Yes,67,Yes,Yes,DSL,Yes,Yes,Yes,Yes,No,No,One year,Yes,Credit card (automatic),69.35,4653.25,69.45149253731343,4646.45,49-72,4,0,0,0,0.06727889186820009,correct,False
Male,0,No,Yes,71,Yes,Yes,No,No internet service,No internet service,No internet service,No internet service,No internet service,No internet service,Two year,No,Mailed check,24.35,1654.6,23.304225352112674,1728.8500000000001,49-72,0,0,0,0,0.0168673324465256,correct,False
Male,0,No,Yes,16,Yes,Yes,DSL,Yes,Yes,No,No,No,Yes,Month-to-month,Yes,Electronic check,69.1,1083.7,67.73125,1105.6,13-24,3,1,0,1,0.5036164789985357,false_positive,True
Female,0,Yes,Yes,10,Yes,No,DSL,No,Yes,No,Yes,No,Yes,Month-to-month,Yes,Electronic check,65.5,616.9,61.69,655.0,7-12,3,1,0,1,0.5114938520530428,false_positive,True
Male,0,No,No,1,Yes,Yes,Fiber optic,No,Yes,No,No,No,Yes,Month-to-month,Yes,Credit card (automatic),90.85,90.85,90.85,90.85,0-6,2,0,1,1,0.9050971563283867,correct,False
Male,0,Yes,Yes,12,Yes,No,DSL,No,No,No,No,Yes,No,Month-to-month,Yes,Mailed check,56.3,628.65,52.387499999999996,675.5999999999999,7-12,1,0,0,1,0.5127262997001484,false_positive,True
Female,0,No,No,5,Yes,No,DSL,Yes,No,No,Yes,No,No,Month-to-month,No,Credit card (automatic),53.85,259.8,51.96,269.25,0-6,2,0,1,0,0.44452390722610735,false_negative,True
Female,1,Yes,No,40,Yes,No,Fiber optic,No,Yes,No,Yes,Yes,Yes,One year,Yes,Credit card (automatic),99.2,4062.2,101.55499999999999,3968.0,25-48,4,0,1,0,0.4163176978323273,false_negative,True
Male,1,Yes,No,21,Yes,No,DSL,Yes,Yes,No,No,No,Yes,Month-to-month,Yes,Bank transfer (automatic),64.95,1339.8,63.8,1363.95,13-24,3,0,0,0,0.3983686855851023,correct,False
Male,0,No,No,9,Yes,No,DSL,Yes,No,Yes,Yes,No,Yes,Month-to-month,Yes,Bank transfer (automatic),68.25,576.95,64.10555555555555,614.25,7-12,4,0,0,0,0.43428817290222693,correct,True
Female,0,Yes,No,7,Yes,No,DSL,Yes,No,No,No,No,No,Month-to-month,Yes,Bank transfer (automatic),50.3,355.1,50.728571428571435,352.09999999999997,7-12,1,0,0,0,0.42639771207551075,correct,True
Female,0,No,No,38,Yes,No,No,No internet service,No internet service,No internet service,No internet service,No internet service,No internet service,One year,No,Mailed check,20.05,678.2,17.847368421052632,761.9,25-48,0,0,0,0,0.05754757848350412,correct,False
Male,0,No,No,1,Yes,No,DSL,No,No,Yes,No,No,No,Month-to-month,Yes,Electronic check,50.5,50.5,50.5,50.5,0-6,1,1,1,1,0.7751153508786692,correct,False
Male,0,No,No,7,Yes,No,Fiber optic,No,No,Yes,No,No,No,Month-to-month,Yes,Electronic check,74.9,490.55,70.07857142857144,524.3000000000001,7-12,1,1,0,1,0.7972193529523933,false_positive,False
Female,0,No,No,2,Yes,No,Fiber optic,No,No,No,No,No,No,Month-to-month,Yes,Electronic check,70.95,137.95,68.975,141.9,0-6,0,1,1,1,0.8885381797182691,correct,False
Female,0,No,No,56,Yes,No,No,No internet service,No internet service,No internet service,No internet service,No internet service,No internet service,Two year,Yes,Bank transfer (automatic),19.55,1080.55,19.295535714285712,1094.8,49-72,0,0,0,0,0.028897825373560036,correct,False
Female,0,Yes,No,6,Yes,Yes,DSL,No,No,No,No,No,No,Month-to-month,No,Electronic check,50.35,314.55,52.425000000000004,302.1,0-6,0,1,0,1,0.7478940804085973,false_positive,False
Female,0,No,No,63,Yes,No,DSL,No,No,Yes,No,No,Yes,One year,No,Credit card (automatic),58.55,3503.5,55.611111111111114,3688.6499999999996,49-72,2,0,0,0,0.12623522571599424,correct,False
Female,0,No,No,64,Yes,Yes,Fiber optic,No,Yes,Yes,Yes,Yes,Yes,Two year,Yes,Credit card (automatic),110.5,7069.25,110.45703125,7072.0,49-72,5,0,0,0,0.19209032357727102,correct,False
Male,0,Yes,No,29,No,No phone service,DSL,No,No,No,No,Yes,Yes,Month-to-month,Yes,Electronic check,45.9,1332.4,45.9448275862069,1331.1,25-48,2,1,0,1,0.6956466130536199,false_positive,False
Male,0,No,No,32,Yes,Yes,Fiber optic,No,No,No,No,No,Yes,Month-to-month,Yes,Bank transfer (automatic),85.65,2664.3,83.259375,2740.8,25-48,1,0,0,1,0.6971877097738867,false_positive,False
Female,1,No,No,2,Yes,Yes,Fiber optic,No,No,No,No,No,Yes,Month-to-month,Yes,Electronic check,84.05,186.05,93.025,168.1,0-6,1,1,0,1,0.9477217345549555,false_positive,False
Male,0,Yes,No,60,Yes,No,Fiber optic,No,Yes,No,No,Yes,Yes,One year,Yes,Electronic check,94.4,5610.25,93.50416666666666,5664.0,49-72,3,1,1,0,0.49062254241096154,false_negative,True
Male,0,No,No,22,Yes,Yes,DSL,Yes,Yes,Yes,No,No,No,Month-to-month,No,Mailed check,65.05,1427.55,64.88863636363637,1431.1,13-24,3,0,0,0,0.27584374699926906,correct,False
Male,0,No,No,11,No,No phone service,DSL,No,Yes,No,Yes,No,No,Month-to-month,Yes,Electronic check,35.65,425.1,38.64545454545455,392.15,7-12,2,1,0,1,0.5854966107618895,false_positive,True
Male,1,Yes,No,57,Yes,No,Fiber optic,No,Yes,Yes,No,Yes,No,One year,Yes,Electronic check,90.65,5199.8,91.22456140350877,5167.05,49-72,3,1,0,0,0.46353538054591037,correct,True
Male,0,No,No,1,Yes,No,DSL,No,No,No,No,No,No,Month-to-month,Yes,Mailed check,44.15,44.15,44.15,44.15,0-6,0,0,1,1,0.7089096245924787,correct,False
Female,0,No,No,62,Yes,No,No,No internet service,No internet service,No internet service,No internet service,No internet service,No internet service,Two year,Yes,Credit card (automatic),19.2,1123.65,18.123387096774195,1190.3999999999999,49-72,0,0,0,0,0.0256552568848564,correct,False
Female,0,Yes,No,47,Yes,Yes,Fiber optic,Yes,Yes,Yes,No,Yes,No,Month-to-month,Yes,Electronic check,98.75,4533.7,96.46170212765956,4641.25,25-48,4,1,1,1,0.5962855384967106,correct,True
Female,0,Yes,Yes,61,Yes,Yes,DSL,Yes,Yes,Yes,Yes,Yes,Yes,Two year,No,Mailed check,88.1,5526.75,90.60245901639344,5374.099999999999,49-72,6,0,0,0,0.042771548657269044,correct,False
Female,0,No,No,3,Yes,No,Fiber optic,No,No,No,No,No,No,Month-to-month,Yes,Electronic check,70.15,194.2,64.73333333333333,210.45000000000002,0-6,0,1,0,1,0.8883138006598218,false_positive,False
Male,0,Yes,Yes,64,Yes,No,Fiber optic,Yes,Yes,No,No,No,No,Month-to-month,No,Electronic check,81.05,5135.35,80.23984375,5187.2,49-72,2,1,0,0,0.27604595757909367,correct,False
Female,0,Yes,Yes,6,Yes,Yes,Fiber optic,No,Yes,Yes,No,Yes,No,Month-to-month,Yes,Mailed check,94.05,518.75,86.45833333333333,564.3,0-6,3,0,0,1,0.8766381177827093,false_positive,False
Female,0,Yes,Yes,56,Yes,No,No,No internet service,No internet service,No internet service,No internet service,No internet service,No internet service,Two year,No,Mailed check,20.05,1090.1,19.46607142857143,1122.8,49-72,0,0,0,0,0.01740155748648636,correct,False
Female,0,Yes,Yes,27,Yes,No,DSL,No,Yes,No,No,No,No,Month-to-month,No,Mailed check,49.85,1336.15,49.48703703703704,1345.95,25-48,1,0,0,0,0.2204863481998529,correct,False
Female,0,Yes,No,46,No,No phone service,DSL,Yes,Yes,No,No,Yes,No,Month-to-month,No,Electronic check,45.55,2062.15,44.82934782608696,2095.2999999999997,25-48,3,1,0,0,0.3166268493445131,correct,False
Male,1,No,No,1,Yes,No,DSL,No,No,No,No,No,No,Month-to-month,No,Electronic check,45.1,45.1,45.1,45.1,0-6,0,1,1,1,0.7406410199228166,correct,False
Male,0,No,No,11,Yes,No,No,No internet service,No internet service,No internet service,No internet service,No internet service,No internet service,Two year,No,Mailed check,20.4,231.45,21.04090909090909,224.39999999999998,7-12,0,0,0,0,0.05525110363201291,correct,False
Male,0,Yes,No,32,Yes,Yes,Fiber optic,No,Yes,No,No,Yes,Yes,Month-to-month,Yes,Credit card (automatic),98.85,3145.9,98.309375,3163.2,25-48,3,0,0,1,0.7454093797258325,false_positive,False
Male,0,No,No,4,Yes,No,Fiber optic,No,No,No,No,Yes,No,Month-to-month,No,Electronic check,77.85,299.2,74.8,311.4,0-6,1,1,1,1,0.8883539426018076,correct,False
Male,0,No,No,24,Yes,Yes,DSL,Yes,No,No,No,No,No,Month-to-month,Yes,Bank transfer (automatic),55.65,1400.55,58.356249999999996,1335.6,13-24,1,0,1,0,0.36408373383877773,false_negative,False
Male,0,No,No,35,Yes,Yes,Fiber optic,Yes,No,Yes,Yes,Yes,Yes,Two year,Yes,Electronic check,108.95,4025.5,115.01428571428572,3813.25,25-48,5,1,0,0,0.3135159362241933,correct,False
Female,0,No,Yes,46,Yes,No,Fiber optic,Yes,Yes,No,Yes,Yes,Yes,One year,Yes,Bank transfer (automatic),105.2,4822.85,104.8445652173913,4839.2,25-48,5,0,1,0,0.21758788058760586,false_negative,False
Male,0,Yes,Yes,1,Yes,No,Fiber optic,No,No,No,No,No,No,Month-to-month,Yes,Electronic check,70.0,70.0,70.0,70.0,0-6,0,1,1,1,0.8784445881740826,correct,False
Female,0,Yes,No,72,Yes,Yes,Fiber optic,Yes,No,Yes,Yes,Yes,Yes,Two year,Yes,Credit card (automatic),110.15,7881.2,109.46111111111111,7930.8,49-72,5,0,0,0,0.14259400726266136,correct,False
Female,1,Yes,No,63,Yes,Yes,Fiber optic,No,Yes,Yes,No,Yes,Yes,Month-to-month,Yes,Electronic check,103.5,6479.4,102.84761904761905,6520.5,49-72,4,1,0,1,0.7498881476579405,false_positive,False
Female,0,Yes,No,21,Yes,Yes,Fiber optic,No,No,No,No,No,Yes,Month-to-month,Yes,Electronic check,86.5,1808.7,86.12857142857143,1816.5,13-24,1,1,1,1,0.8135315664210786,correct,False
Male,0,Yes,Yes,37,No,No phone service,DSL,Yes,No,Yes,Yes,No,No,One year,Yes,Electronic check,40.2,1525.35,41.225675675675674,1487.4,25-48,3,1,0,0,0.17583941693782934,correct,False
Male,0,No,No,55,Yes,No,Fiber optic,Yes,Yes,No,No,Yes,Yes,One year,Yes,Mailed check,100.9,5552.05,100.94636363636364,5549.5,49-72,4,0,0,0,0.32793423044583403,correct,False
Male,0,Yes,No,14,Yes,Yes,DSL,No,No,No,Yes,Yes,No,Month-to-month,Yes,Credit card (automatic),66.6,979.5,69.96428571428571,932.3999999999999,13-24,2,0,0,1,0.518052732348147,false_positive,True
Male,0,Yes,Yes,53,Yes,Yes,DSL,Yes,No,No,Yes,No,Yes,Month-to-month,No,Electronic check,71.85,3827.9,72.22452830188679,3808.0499999999997,49-72,3,1,0,0,0.24155626475345468,correct,False
Female,0,Yes,Yes,50,Yes,Yes,DSL,No,Yes,Yes,Yes,Yes,Yes,One year,Yes,Credit card (automatic),84.15,4164.4,83.288,4207.5,49-72,5,0,0,0,0.21701770488983965,correct,False
Male,1,Yes,No,38,Yes,Yes,Fiber optic,No,Yes,Yes,No,Yes,Yes,Month-to-month,Yes,Electronic check,102.6,4009.2,105.50526315789473,3898.7999999999997,25-48,4,1,0,1,0.8164314026737843,false_positive,False
Female,1,No,No,30,Yes,Yes,Fiber optic,No,Yes,No,No,Yes,Yes,Month-to-month,Yes,Electronic check,99.7,2967.35,98.91166666666666,2991.0,25-48,3,1,1,1,0.8261388119346502,correct,False
Female,0,No,No,28,Yes,No,DSL,Yes,Yes,No,Yes,No,No,One year,Yes,Electronic check,59.9,1654.7,59.096428571428575,1677.2,25-48,3,1,0,0,0.14445646690592834,correct,False
Male,1,Yes,No,46,No,No phone service,DSL,No,Yes,Yes,Yes,Yes,Yes,One year,Yes,Bank transfer (automatic),59.9,2816.65,61.231521739130436,2755.4,25-48,5,0,1,0,0.2817501460646208,false_negative,False
Female,0,No,No,67,Yes,No,No,No internet service,No internet service,No internet service,No internet service,No internet service,No internet service,One year,No,Electronic check,20.55,1343.4,20.050746268656717,1376.8500000000001,49-72,0,1,0,0,0.052864263388547446,correct,False
Female,0,No,No,1,Yes,No,DSL,No,No,No,No,No,No,Month-to-month,No,Mailed check,45.95,45.95,45.95,45.95,0-6,0,0,1,1,0.6155486653104696,correct,False
Male,0,Yes,No,50,Yes,No,No,No internet service,No internet service,No internet service,No internet service,No internet service,No internet service,Two year,No,Electronic check,19.8,1013.2,20.264,990.0,49-72,0,1,0,0,0.036530221583690715,correct,False
Female,0,Yes,No,56,Yes,Yes,Fiber optic,Yes,No,No,No,Yes,Yes,One year,Yes,Electronic check,98.0,5270.6,94.11785714285715,5488.0,49-72,3,1,0,1,0.5395633774178057,false_positive,True
Male,0,No,No,1,Yes,No,No,No internet service,No internet service,No internet service,No internet service,No internet service,No internet service,Month-to-month,No,Mailed check,19.95,19.95,19.95,19.95,0-6,0,0,0,0,0.4203698388187498,correct,True
Male,0,Yes,No,3,No,No phone service,DSL,Yes,No,No,Yes,No,No,Month-to-month,No,Mailed check,35.1,101.1,33.699999999999996,105.30000000000001,0-6,2,0,0,1,0.5778802829923843,false_positive,True
Female,0,Yes,No,72,Yes,Yes,Fiber optic,Yes,Yes,Yes,No,Yes,Yes,Two year,Yes,Electronic check,109.55,8165.1,113.40416666666667,7887.599999999999,49-72,5,1,0,0,0.21968378847924647,correct,False
Female,0,No,No,48,Yes,No,DSL,Yes,No,Yes,Yes,No,No,One year,Yes,Credit card (automatic),60.35,2896.4,60.34166666666667,2896.8,25-48,3,0,1,0,0.07719341190338103,false_negative,False
Male,0,No,No,9,No,No phone service,DSL,Yes,Yes,Yes,No,No,No,One year,No,Mailed check,39.55,373.0,41.44444444444444,355.95,7-12,3,0,0,0,0.25081414704189897,correct,False
Male,0,No,No,19,Yes,Yes,DSL,No,No,No,No,Yes,Yes,Month-to-month,No,Mailed check,69.6,1394.55,73.39736842105263,1322.3999999999999,13-24,2,0,0,1,0.5538071431506034,false_positive,True
Male,0,Yes,Yes,46,Yes,No,DSL,Yes,No,Yes,Yes,Yes,Yes,Two year,No,Mailed check,81.0,3846.35,83.61630434782609,3726.0,25-48,5,0,0,0,0.038961043204826754,correct,False
Male,0,Yes,No,56,Yes,Yes,Fiber optic,No,Yes,No,Yes,Yes,Yes,One year,Yes,Electronic check,107.25,6033.3,107.7375,6006.0,49-72,4,1,0,1,0.5061596979899805,false_positive,True
Male,0,No,No,35,Yes,Yes,Fiber optic,No,No,No,No,Yes,No,Month-to-month,No,Electronic check,83.15,2848.45,81.38428571428571,2910.25,25-48,1,1,0,1,0.6952067138746123,false_positive,False
Female,0,No,No,25,Yes,No,No,No internet service,No internet service,No internet service,No internet service,No internet service,No internet service,Two year,No,Credit card (automatic),19.8,475.2,19.008,495.0,25-48,0,0,0,0,0.03358816586903652,correct,False
Female,0,No,No,21,Yes,No,Fiber optic,No,No,No,No,No,No,Month-to-month,Yes,Electronic check,68.65,1493.2,71.1047619047619,1441.65,13-24,0,1,0,1,0.7022927132807777,false_positive,False
Male,0,Yes,Yes,71,Yes,Yes,No,No internet service,No internet service,No internet service,No internet service,No internet service,No internet service,Two year,No,Credit card (automatic),25.35,1847.55,26.021830985915493,1799.8500000000001,49-72,0,0,0,0,0.017174438567011292,correct,False
Female,0,Yes,No,1,Yes,No,Fiber optic,No,No,No,No,Yes,No,Month-to-month,Yes,Bank transfer (automatic),79.35,79.35,79.35,79.35,0-6,1,0,1,1,0.8891466714521198,correct,False
Female,0,No,No,62,Yes,Yes,DSL,No,Yes,Yes,Yes,Yes,Yes,Two year,No,Bank transfer (automatic),84.5,5193.2,83.76129032258065,5239.0,49-72,5,0,0,0,0.06639985202113462,correct,False
Male,0,Yes,Yes,53,Yes,Yes,DSL,No,No,Yes,Yes,Yes,Yes,One year,Yes,Mailed check,78.75,3942.45,74.38584905660377,4173.75,49-72,4,0,0,0,0.2367326908346186,correct,False
Female,0,No,No,2,Yes,Yes,Fiber optic,No,No,No,No,No,No,Month-to-month,Yes,Mailed check,74.9,136.05,68.025,149.8,0-6,0,0,0,1,0.8862028714967859,false_positive,False
Male,1,Yes,No,72,Yes,Yes,Fiber optic,Yes,Yes,Yes,Yes,No,No,Two year,Yes,Bank transfer (automatic),93.05,6735.05,93.54236111111112,6699.599999999999,49-72,4,0,0,0,0.08889026926463595,correct,False
Female,0,Yes,No,24,Yes,Yes,Fiber optic,No,No,Yes,No,No,No,Month-to-month,Yes,Mailed check,79.65,1928.7,80.3625,1911.6000000000001,13-24,1,0,0,1,0.6818309744516136,false_positive,False
Male,0,No,No,41,Yes,Yes,DSL,No,No,Yes,No,No,No,Month-to-month,Yes,Bank transfer (automatic),55.7,2237.55,54.57439024390244,2283.7000000000003,25-48,1,0,0,0,0.35325870447552193,correct,False
Female,0,No,Yes,2,Yes,Yes,Fiber optic,No,No,No,No,Yes,Yes,Month-to-month,Yes,Bank transfer (automatic),94.2,193.8,96.9,188.4,0-6,2,0,1,1,0.9200144165148662,correct,False
Male,0,No,No,2,Yes,No,Fiber optic,No,No,No,No,No,No,Month-to-month,Yes,Electronic check,67.75,116.65,58.325,135.5,0-6,0,1,1,1,0.8990690543639336,correct,False
Male,1,Yes,No,27,Yes,Yes,Fiber optic,No,Yes,Yes,No,No,Yes,Month-to-month,Yes,Electronic check,95.55,2510.2,92.97037037037036,2579.85,25-48,3,1,1,1,0.8020012363016688,correct,False
Male,1,Yes,No,53,Yes,Yes,Fiber optic,No,Yes,No,No,Yes,Yes,Month-to-month,Yes,Electronic check,101.9,5549.4,104.70566037735848,5400.700000000001,49-72,3,1,1,1,0.7829782153215863,correct,False
Female,0,No,No,34,Yes,Yes,DSL,Yes,Yes,No,Yes,No,No,One year,Yes,Mailed check,64.4,2088.75,61.43382352941177,2189.6000000000004,25-48,3,0,1,0,0.1234013913369572,false_negative,False
Male,0,No,No,1,Yes,No,Fiber optic,No,Yes,No,No,No,Yes,Month-to-month,Yes,Electronic check,85.0,85.0,85.0,85.0,0-6,2,1,0,1,0.9108998867481524,false_positive,False
Female,0,Yes,Yes,48,Yes,No,No,No internet service,No internet service,No internet service,No internet service,No internet service,No internet service,Two year,No,Mailed check,19.55,883.35,18.403125,938.4000000000001,25-48,0,0,0,0,0.016671204753784773,correct,False
Female,1,No,No,3,Yes,Yes,Fiber optic,No,No,No,No,No,No,Month-to-month,Yes,Credit card (automatic),75.05,256.25,85.41666666666667,225.14999999999998,0-6,0,0,1,1,0.8970657229966252,correct,False
Female,0,Yes,Yes,71,Yes,No,DSL,Yes,Yes,Yes,Yes,No,No,Two year,No,Credit card (automatic),64.05,4492.9,63.28028169014084,4547.55,49-72,4,0,0,0,0.01344288629548563,correct,False
Male,0,No,No,24,Yes,No,Fiber optic,No,Yes,Yes,Yes,No,No,Month-to-month,Yes,Electronic check,85.95,2107.15,87.79791666666667,2062.8,13-24,3,1,0,1,0.5857963226272361,false_positive,True
Female,1,Yes,No,5,Yes,No,Fiber optic,No,No,No,No,No,No,Month-to-month,No,Electronic check,70.05,302.6,60.52,350.25,0-6,0,1,0,1,0.8679202737560388,false_positive,False
Female,1,No,No,8,Yes,Yes,Fiber optic,No,No,No,No,No,No,Month-to-month,Yes,Electronic check,75.75,606.25,75.78125,606.0,7-12,0,1,1,1,0.8528172674127057,correct,False
Male,0,No,No,15,Yes,No,No,No internet service,No internet service,No internet service,No internet service,No internet service,No internet service,Month-to-month,Yes,Mailed check,19.8,309.4,20.626666666666665,297.0,13-24,0,0,0,0,0.24638633001247595,correct,False
Male,1,No,No,2,Yes,No,Fiber optic,No,Yes,No,No,No,No,Month-to-month,Yes,Electronic check,74.7,165.4,82.7,149.4,0-6,1,1,1,1,0.8946472911643157,correct,False
Female,0,Yes,Yes,13,Yes,Yes,No,No internet service,No internet service,No internet service,No internet service,No internet service,No internet service,Two year,Yes,Bank transfer (automatic),25.0,332.5,25.576923076923077,325.0,13-24,0,0,0,0,0.06989708280306034,correct,False
Female,1,Yes,No,17,Yes,Yes,Fiber optic,Yes,No,Yes,No,No,No,Month-to-month,Yes,Bank transfer (automatic),85.35,1463.45,86.08529411764707,1450.9499999999998,13-24,2,0,1,1,0.668423798368387,correct,False
Male,0,Yes,No,24,Yes,Yes,DSL,Yes,No,No,Yes,No,No,One year,Yes,Electronic check,58.35,1346.9,56.12083333333334,1400.4,13-24,2,1,0,0,0.24855258946989725,correct,False
Female,0,Yes,Yes,50,Yes,No,No,No internet service,No internet service,No internet service,No internet service,No internet service,No internet service,Two year,No,Credit card (automatic),20.55,1070.25,21.405,1027.5,49-72,0,0,0,0,0.019829967926710747,correct,False
Male,0,No,No,57,Yes,No,DSL,Yes,No,Yes,No,Yes,Yes,Two year,Yes,Bank transfer (automatic),74.35,4317.35,75.74298245614035,4237.95,49-72,4,0,0,0,0.08415891086311758,correct,False
Female,1,No,No,3,No,No phone service,DSL,No,No,No,No,No,No,Month-to-month,No,Electronic check,25.3,77.75,25.916666666666668,75.9,0-6,0,1,1,1,0.8039653176826768,correct,False
Male,0,No,No,37,Yes,Yes,Fiber optic,Yes,No,No,No,Yes,No,Month-to-month,Yes,Electronic check,91.15,3369.25,91.0608108108108,3372.55,25-48,2,1,0,1,0.6683917122454095,false_positive,False
Female,0,Yes,No,71,Yes,Yes,No,No internet service,No internet service,No internet service,No internet service,No internet service,No internet service,Two year,No,Credit card (automatic),25.6,1888.25,26.595070422535212,1817.6000000000001,49-72,0,0,0,0,0.020365925834735368,correct,False
Male,0,Yes,Yes,72,Yes,Yes,DSL,Yes,No,Yes,Yes,No,No,Two year,Yes,Credit card (automatic),66.5,4811.6,66.82777777777778,4788.0,49-72,3,0,0,0,0.028410042261123758,correct,False
Male,0,No,Yes,52,Yes,Yes,No,No internet service,No internet service,No internet service,No internet service,No internet service,No internet service,Two year,No,Credit card (automatic),25.6,1334.5,25.66346153846154,1331.2,49-72,0,0,0,0,0.0256353453554591,correct,False
Male,0,No,No,4,Yes,No,No,No internet service,No internet service,No internet service,No internet service,No internet service,No internet service,Month-to-month,Yes,Electronic check,19.85,63.0,15.75,79.4,0-6,0,1,0,1,0.5819581555323251,false_positive,True
Male,0,No,No,9,Yes,No,DSL,Yes,No,Yes,Yes,Yes,No,Month-to-month,Yes,Mailed check,69.5,653.25,72.58333333333333,625.5,7-12,4,0,0,0,0.42243811460800396,correct,True
Male,1,Yes,No,7,Yes,Yes,Fiber optic,No,No,No,No,No,No,Month-to-month,Yes,Electronic check,74.85,485.25,69.32142857142857,523.9499999999999,7-12,0,1,0,1,0.8673390622164207,false_positive,False
Female,0,Yes,Yes,48,Yes,No,DSL,Yes,Yes,Yes,No,No,Yes,Two year,Yes,Credit card (automatic),70.1,3238.4,67.46666666666667,3364.7999999999997,25-48,4,0,0,0,0.044699700393519476,correct,False
Female,0,Yes,No,47,Yes,No,DSL,No,Yes,No,No,Yes,No,Month-to-month,Yes,Bank transfer (automatic),58.6,2723.4,57.94468085106383,2754.2000000000003,25-48,2,0,0,0,0.29511299943807406,correct,False
Female,1,No,No,4,Yes,No,Fiber optic,No,Yes,No,No,No,No,Month-to-month,No,Electronic check,72.75,317.75,79.4375,291.0,0-6,1,1,0,1,0.8526920755434079,false_positive,False
Female,0,No,No,47,Yes,No,Fiber optic,Yes,No,Yes,Yes,Yes,Yes,One year,Yes,Electronic check,103.7,4730.6,100.65106382978725,4873.900000000001,25-48,5,1,0,0,0.3714324055363479,correct,False
Male,0,Yes,No,24,No,No phone service,DSL,No,No,Yes,No,No,No,Month-to-month,No,Electronic check,29.1,688.0,28.666666666666668,698.4000000000001,13-24,1,1,0,1,0.5113530550292341,false_positive,True
Female,0,No,No,1,Yes,No,DSL,No,No,Yes,No,No,No,Month-to-month,Yes,Mailed check,50.45,50.45,50.45,50.45,0-6,1,0,1,1,0.6978544984345266,correct,False
Male,0,No,No,1,No,No phone service,DSL,No,Yes,No,Yes,No,Yes,Month-to-month,Yes,Mailed check,44.65,44.65,44.65,44.65,0-6,3,0,1,1,0.7705725878537103,correct,False
Female,0,Yes,Yes,1,Yes,No,No,No internet service,No internet service,No internet service,No internet service,No internet service,No internet service,Month-to-month,No,Electronic check,19.25,19.25,19.25,19.25,0-6,0,1,0,0,0.46458820323179284,correct,True
Male,0,No,No,48,Yes,Yes,Fiber optic,No,Yes,Yes,No,Yes,Yes,Two year,Yes,Bank transfer (automatic),108.1,5067.45,105.57187499999999,5188.799999999999,25-48,4,0,0,0,0.2587075025946097,correct,False
Male,0,No,No,27,Yes,No,No,No internet service,No internet service,No internet service,No internet service,No internet service,No internet service,One year,No,Bank transfer (automatic),20.1,562.6,20.83703703703704,542.7,25-48,0,0,0,0,0.07475428432516376,correct,False
Female,0,Yes,No,60,Yes,No,DSL,Yes,Yes,No,Yes,No,No,Two year,No,Bank transfer (automatic),59.85,3483.45,58.0575,3591.0,49-72,3,0,0,0,0.02059291664318527,correct,False
Female,0,No,No,26,Yes,No,DSL,No,Yes,Yes,No,No,No,One year,Yes,Mailed check,56.05,1553.2,59.73846153846154,1457.3,25-48,2,0,0,0,0.1863372781518387,correct,False
Female,1,No,No,51,Yes,No,No,No internet service,No internet service,No internet service,No internet service,No internet service,No internet service,Two year,No,Credit card (automatic),19.6,967.9,18.978431372549018,999.6,49-72,0,0,0,0,0.027331260145926413,correct,False
Female,0,No,No,4,Yes,No,Fiber optic,No,No,No,No,Yes,No,Month-to-month,Yes,Electronic check,79.0,303.15,75.7875,316.0,0-6,1,1,1,1,0.9140829772028226,correct,False
Female,1,No,No,26,Yes,Yes,DSL,No,No,No,Yes,No,Yes,Month-to-month,Yes,Electronic check,66.05,1652.4,63.55384615384616,1717.3,25-48,2,1,0,1,0.5681827730585703,false_positive,True
Female,0,No,No,41,Yes,Yes,Fiber optic,Yes,Yes,Yes,Yes,Yes,No,Month-to-month,Yes,Electronic check,106.5,4282.4,104.44878048780487,4366.5,25-48,5,1,0,1,0.5361522055475232,false_positive,True
Female,0,Yes,No,68,Yes,Yes,Fiber optic,Yes,Yes,Yes,Yes,Yes,Yes,Two year,No,Bank transfer (automatic),114.9,7843.55,115.34632352941176,7813.200000000001,49-72,6,0,0,0,0.09998588089219852,correct,False
Male,0,Yes,Yes,45,Yes,No,DSL,Yes,No,No,Yes,No,No,Two year,No,Bank transfer (automatic),54.65,2553.7,56.748888888888885,2459.25,25-48,2,0,0,0,0.022196630041151886,correct,False
Female,0,Yes,Yes,22,Yes,No,DSL,No,Yes,No,No,Yes,Yes,One year,Yes,Bank transfer (automatic),69.5,1498.2,68.10000000000001,1529.0,13-24,3,0,1,0,0.28664795771316787,false_negative,False
Male,0,No,No,12,Yes,No,Fiber optic,No,No,No,No,No,Yes,Month-to-month,Yes,Bank transfer (automatic),79.95,1043.4,86.95,959.4000000000001,7-12,1,0,0,1,0.7623690242198319,false_positive,False
Female,0,No,No,1,Yes,No,DSL,No,No,No,No,No,No,Month-to-month,No,Credit card (automatic),43.95,43.95,43.95,43.95,0-6,0,0,0,1,0.6260950398720103,false_positive,False
Male,0,No,No,7,Yes,Yes,Fiber optic,No,No,No,No,Yes,Yes,Month-to-month,Yes,Electronic check,94.1,701.3,100.18571428571428,658.6999999999999,7-12,2,1,0,1,0.9083420157005133,false_positive,False
Female,0,No,No,1,Yes,No,No,No internet service,No internet service,No internet service,No internet service,No internet service,No internet service,Month-to-month,Yes,Bank transfer (automatic),20.2,20.2,20.2,20.2,0-6,0,0,1,0,0.4941533231411739,false_negative,True
Female,0,No,No,13,No,No phone service,DSL,No,No,No,No,No,No,Month-to-month,Yes,Electronic check,23.9,300.8,23.138461538461538,310.7,13-24,0,1,1,1,0.641328986915337,correct,False
Male,0,No,No,51,Yes,No,No,No internet service,No internet service,No internet service,No internet service,No internet service,No internet service,Two year,No,Mailed check,20.45,1042.65,20.444117647058825,1042.95,49-72,0,0,0,0,0.02370411046925461,correct,False
Male,0,Yes,Yes,4,Yes,No,DSL,No,No,No,No,No,No,Month-to-month,No,Electronic check,44.8,169.65,42.4125,179.2,0-6,0,1,0,1,0.6583557676741535,false_positive,False
Male,0,No,No,26,Yes,Yes,Fiber optic,No,No,Yes,Yes,No,No,Month-to-month,Yes,Mailed check,84.3,2281.6,87.75384615384615,2191.7999999999997,25-48,2,0,0,1,0.602042270134311,false_positive,False
Female,0,No,No,24,Yes,Yes,Fiber optic,No,No,Yes,No,Yes,No,Month-to-month,Yes,Credit card (automatic),88.95,2072.75,86.36458333333333,2134.8,13-24,2,0,0,1,0.7379397948033883,false_positive,False
Female,1,Yes,No,61,Yes,Yes,Fiber optic,Yes,Yes,Yes,Yes,No,No,Month-to-month,Yes,Credit card (automatic),94.2,5895.45,96.6467213114754,5746.2,49-72,4,0,0,0,0.3780860517128889,correct,False
Female,0,No,No,72,Yes,Yes,Fiber optic,Yes,Yes,Yes,Yes,Yes,Yes,Two year,Yes,Electronic check,114.9,8496.7,118.00972222222224,8272.800000000001,49-72,6,1,0,0,0.16772241442970368,correct,False
Female,0,No,No,55,Yes,Yes,Fiber optic,Yes,No,Yes,No,No,No,One year,Yes,Credit card (automatic),84.25,4589.85,83.45181818181818,4633.75,49-72,2,0,0,0,0.2979311391216663,correct,False
Male,0,No,No,12,Yes,No,Fiber optic,Yes,No,Yes,No,No,No,Month-to-month,No,Bank transfer (automatic),81.7,858.6,71.55,980.4000000000001,7-12,2,0,1,1,0.5322625358247038,correct,True
Male,0,Yes,Yes,64,Yes,Yes,Fiber optic,Yes,No,Yes,No,No,Yes,Two year,No,Bank transfer (automatic),93.4,5822.3,90.9734375,5977.6,49-72,3,0,0,0,0.10782023573576531,correct,False
Female,1,No,No,37,Yes,Yes,Fiber optic,No,No,No,No,Yes,Yes,Month-to-month,Yes,Electronic check,96.55,3580.3,96.76486486486488,3572.35,25-48,2,1,1,1,0.8168155680479785,correct,False
Male,0,Yes,No,72,Yes,Yes,DSL,Yes,Yes,Yes,Yes,Yes,Yes,Two year,Yes,Credit card (automatic),88.7,6301.7,87.52361111111111,6386.400000000001,49-72,6,0,0,0,0.057981650095756995,correct,False
Male,0,No,No,11,Yes,No,No,No internet service,No internet service,No internet service,No internet service,No internet service,No internet service,One year,No,Mailed check,19.5,226.8,20.61818181818182,214.5,7-12,0,0,0,0,0.12565155042026058,correct,False
Female,1,Yes,No,52,Yes,Yes,Fiber optic,Yes,Yes,Yes,No,Yes,Yes,Month-to-month,Yes,Electronic check,109.1,5647.95,108.61442307692307,5673.2,49-72,5,1,0,1,0.7285269089375055,false_positive,False
Female,0,Yes,Yes,58,Yes,No,DSL,No,No,No,No,No,No,One year,Yes,Mailed check,44.1,2413.05,41.60431034482759,2557.8,49-72,0,0,0,0,0.12113218696409034,correct,False
Female,0,No,No,4,Yes,No,DSL,Yes,Yes,No,No,No,No,Month-to-month,No,Electronic check,55.2,220.65,55.1625,220.8,0-6,2,1,0,1,0.5703209940940733,false_positive,True
Female,0,Yes,Yes,38,Yes,No,No,No internet service,No internet service,No internet service,No internet service,No internet service,No internet service,One year,No,Mailed check,20.3,749.35,19.719736842105263,771.4,25-48,0,0,0,0,0.04857437956344561,correct,False
Male,0,No,Yes,3,Yes,No,No,No internet service,No internet service,No internet service,No internet service,No internet service,No internet service,Month-to-month,No,Mailed check,20.85,60.65,20.216666666666665,62.550000000000004,0-6,0,0,0,0,0.3544815708944753,correct,False
Male,0,No,No,62,Yes,Yes,Fiber optic,Yes,Yes,No,No,No,Yes,One year,Yes,Bank transfer (automatic),92.3,5731.45,92.44274193548387,5722.599999999999,49-72,3,0,0,0,0.3114580078106076,correct,False
Female,0,No,No,8,Yes,No,DSL,Yes,No,No,Yes,No,No,One year,No,Bank transfer (automatic),54.25,447.75,55.96875,434.0,7-12,2,0,0,0,0.15334211355761304,correct,False
Male,0,Yes,Yes,16,Yes,No,No,No internet service,No internet service,No internet service,No internet service,No internet service,No internet service,Month-to-month,No,Electronic check,19.75,313.4,19.5875,316.0,13-24,0,1,0,0,0.21566658481495865,correct,False
Male,0,No,No,8,Yes,No,DSL,No,No,No,No,No,No,Month-to-month,No,Mailed check,43.55,335.4,41.925,348.4,7-12,0,0,0,0,0.43441770226653076,correct,True
Male,0,No,No,1,Yes,No,No,No internet service,No internet service,No internet service,No internet service,No internet service,No internet service,Month-to-month,No,Mailed check,19.8,19.8,19.8,19.8,0-6,0,0,1,0,0.42116737745283767,false_negative,True
Male,0,Yes,Yes,52,No,No phone service,DSL,No,Yes,Yes,Yes,Yes,No,Two year,No,Mailed check,50.2,2554.0,49.11538461538461,2610.4,49-72,4,0,0,0,0.06048942088133598,correct,False
Female,0,Yes,No,72,Yes,Yes,No,No internet service,No internet service,No internet service,No internet service,No internet service,No internet service,Two year,Yes,Mailed check,26.0,1776.0,24.666666666666668,1872.0,49-72,0,0,0,0,0.027677886962288453,correct,False
Male,1,No,No,16,Yes,No,Fiber optic,No,No,No,No,No,No,Month-to-month,No,Electronic check,69.65,1043.3,65.20625,1114.4,13-24,0,1,0,1,0.69100336798474,false_positive,False
Male,0,No,No,18,Yes,Yes,Fiber optic,No,No,Yes,No,Yes,No,One year,Yes,Credit card (automatic),89.6,1633.0,90.72222222222223,1612.8,13-24,2,0,0,1,0.6125762294858383,false_positive,False
Male,0,No,No,1,Yes,No,No,No internet service,No internet service,No internet service,No internet service,No internet service,No internet service,Month-to-month,No,Mailed check,20.25,20.25,20.25,20.25,0-6,0,0,1,0,0.418776012079854,false_negative,True
Male,0,Yes,Yes,72,Yes,No,DSL,No,Yes,Yes,No,Yes,Yes,Two year,Yes,Bank transfer (automatic),75.4,5480.25,76.11458333333333,5428.8,49-72,4,0,0,0,0.061668448244323826,correct,False
Female,0,Yes,No,49,Yes,No,No,No internet service,No internet service,No internet service,No internet service,No internet service,No internet service,One year,No,Credit card (automatic),20.7,1032.05,21.062244897959182,1014.3,49-72,0,0,0,0,0.05796241748800552,correct,False
Male,0,No,No,1,Yes,No,DSL,No,No,No,No,No,No,Month-to-month,No,Electronic check,44.0,44.0,44.0,44.0,0-6,0,1,0,1,0.7139507779277243,false_positive,False
Female,0,Yes,No,51,Yes,No,Fiber optic,Yes,Yes,Yes,No,Yes,No,One year,Yes,Electronic check,93.5,4619.55,90.57941176470588,4768.5,49-72,4,1,0,0,0.37637704631206487,correct,False
Male,1,Yes,No,72,Yes,Yes,Fiber optic,No,Yes,No,No,Yes,Yes,One year,Yes,Credit card (automatic),97.25,7133.1,99.07083333333334,7002.0,49-72,3,0,0,0,0.45853100824101695,correct,True
Male,1,Yes,No,72,Yes,Yes,DSL,No,Yes,Yes,Yes,Yes,No,Two year,No,Credit card (automatic),77.35,5396.25,74.94791666666667,5569.2,49-72,4,0,0,0,0.046606244086065986,correct,False
Female,0,No,No,16,Yes,No,No,No internet service,No internet service,No internet service,No internet service,No internet service,No internet service,One year,No,Mailed check,19.05,326.65,20.415625,304.8,13-24,0,0,0,0,0.09619212830113077,correct,False
Male,0,Yes,Yes,16,Yes,Yes,DSL,Yes,Yes,No,Yes,Yes,Yes,Month-to-month,No,Electronic check,84.9,1398.25,87.390625,1358.4,13-24,5,1,0,0,0.4226769139234785,correct,True
Male,0,No,No,1,Yes,No,No,No internet service,No internet service,No internet service,No internet service,No internet service,No internet service,Month-to-month,No,Bank transfer (automatic),19.65,19.65,19.65,19.65,0-6,0,0,0,0,0.4190242063914034,correct,True
Male,0,Yes,No,10,Yes,Yes,Fiber optic,No,No,No,No,Yes,No,Month-to-month,Yes,Electronic check,85.6,813.85,81.385,856.0,7-12,1,1,1,1,0.8723902151356216,correct,False
Female,0,Yes,No,57,Yes,Yes,Fiber optic,No,No,Yes,No,Yes,Yes,One year,Yes,Credit card (automatic),100.75,5985.0,105.0,5742.75,49-72,3,0,0,1,0.5178005630247718,false_positive,True
Male,0,Yes,Yes,32,Yes,No,Fiber optic,Yes,Yes,No,No,No,Yes,One year,Yes,Electronic check,90.8,3023.85,94.4953125,2905.6,25-48,3,1,0,0,0.37348919416275983,correct,False
Female,0,No,No,72,Yes,Yes,Fiber optic,Yes,Yes,Yes,No,Yes,No,Two year,Yes,Bank transfer (automatic),101.3,7261.25,100.85069444444444,7293.599999999999,49-72,4,0,0,0,0.11456953301218954,correct,False
Female,1,Yes,No,58,Yes,Yes,Fiber optic,No,Yes,No,No,Yes,Yes,One year,Yes,Bank transfer (automatic),97.8,5458.8,94.11724137931034,5672.4,49-72,3,0,0,1,0.5270363409959347,false_positive,True
Female,0,No,No,23,Yes,Yes,DSL,No,No,No,Yes,Yes,Yes,One year,Yes,Mailed check,73.75,1756.6,76.37391304347825,1696.25,13-24,3,0,0,0,0.36203593453162264,correct,False
Male,1,No,No,25,Yes,Yes,Fiber optic,No,Yes,No,No,Yes,No,Month-to-month,Yes,Electronic check,89.5,2196.15,87.846,2237.5,25-48,2,1,1,1,0.8015127121088959,correct,False
Male,0,Yes,Yes,32,Yes,No,No,No internet service,No internet service,No internet service,No internet service,No internet service,No internet service,Month-to-month,Yes,Credit card (automatic),19.45,674.55,21.0796875,622.4,25-48,0,0,0,0,0.15456734889516044,correct,False
Female,0,No,No,69,Yes,Yes,Fiber optic,No,No,Yes,Yes,Yes,Yes,Two year,No,Electronic check,104.0,7028.5,101.8623188405797,7176.0,49-72,4,1,0,0,0.20430773197928576,correct,False
Female,0,Yes,Yes,72,Yes,No,Fiber optic,Yes,Yes,Yes,Yes,Yes,Yes,Two year,Yes,Credit card (automatic),109.5,7854.9,109.09583333333333,7884.0,49-72,6,0,0,0,0.07932623155406102,correct,False
Male,0,No,No,50,No,No phone service,DSL,Yes,No,No,Yes,No,No,One year,Yes,Mailed check,35.4,1748.9,34.978,1770.0,49-72,2,0,0,0,0.13978222567120388,correct,False
Male,0,Yes,Yes,28,Yes,Yes,Fiber optic,Yes,Yes,No,No,Yes,Yes,One year,No,Electronic check,106.1,2847.4,101.69285714285715,2970.7999999999997,25-48,4,1,1,0,0.4599442758648489,false_negative,True
Female,0,Yes,No,10,Yes,No,No,No internet service,No internet service,No internet service,No internet service,No internet service,No internet service,One year,No,Mailed check,20.1,184.4,18.44,201.0,7-12,0,0,0,0,0.1278973568896727,correct,False
Male,0,Yes,Yes,58,Yes,Yes,Fiber optic,No,Yes,No,Yes,Yes,No,One year,Yes,Credit card (automatic),94.7,5430.35,93.62672413793103,5492.6,49-72,3,0,0,0,0.2961476312029444,correct,False
Male,1,Yes,No,7,Yes,Yes,Fiber optic,No,No,No,No,No,No,Month-to-month,Yes,Electronic check,75.4,533.05,76.14999999999999,527.8000000000001,7-12,0,1,0,1,0.8651432772997684,false_positive,False
Male,0,No,Yes,4,Yes,No,DSL,Yes,No,No,No,No,No,Month-to-month,No,Electronic check,49.35,219.65,54.9125,197.4,0-6,1,1,1,1,0.5644562399710994,correct,True
Female,0,Yes,Yes,34,Yes,No,DSL,Yes,Yes,Yes,No,No,No,One year,Yes,Mailed check,60.8,2042.05,60.06029411764706,2067.2,25-48,3,0,0,0,0.10104115681920142,correct,False
Female,0,Yes,Yes,70,Yes,Yes,Fiber optic,Yes,Yes,Yes,Yes,Yes,Yes,Two year,Yes,Credit card (automatic),115.15,8250.0,117.85714285714286,8060.5,49-72,6,0,0,0,0.10903701942841733,correct,False
Male,1,Yes,Yes,71,Yes,Yes,DSL,No,Yes,Yes,Yes,No,Yes,One year,Yes,Bank transfer (automatic),72.9,5139.65,72.38943661971831,5175.900000000001,49-72,4,0,0,0,0.13351458767357322,correct,False
Male,0,No,No,21,Yes,Yes,Fiber optic,Yes,No,Yes,No,Yes,Yes,Month-to-month,No,Mailed check,103.85,2215.0,105.47619047619048,2180.85,13-24,4,0,0,1,0.6788157693637409,false_positive,False
Female,0,No,No,56,Yes,No,DSL,Yes,No,Yes,Yes,No,No,One year,Yes,Credit card (automatic),60.25,3282.75,58.620535714285715,3374.0,49-72,3,0,0,0,0.08146764461137919,correct,False
Male,0,No,Yes,71,Yes,No,DSL,Yes,Yes,Yes,Yes,Yes,No,Two year,Yes,Credit card (automatic),76.9,5522.7,77.78450704225352,5459.900000000001,49-72,5,0,0,0,0.023619054084624926,correct,False
Female,0,Yes,Yes,14,Yes,Yes,Fiber optic,No,No,Yes,No,No,Yes,Month-to-month,Yes,Electronic check,87.25,1258.6,89.89999999999999,1221.5,13-24,2,1,1,1,0.8212454506393363,correct,False
Male,0,Yes,Yes,41,Yes,No,No,No internet service,No internet service,No internet service,No internet service,No internet service,No internet service,One year,No,Bank transfer (automatic),19.5,798.2,19.46829268292683,799.5,25-48,0,0,0,0,0.04701151756440499,correct,False
Female,0,No,No,3,Yes,Yes,Fiber optic,No,No,No,No,No,No,Month-to-month,No,Bank transfer (automatic),74.4,215.8,71.93333333333334,223.20000000000002,0-6,0,0,1,1,0.8421904693143274,correct,False
Female,0,Yes,Yes,58,Yes,No,No,No internet service,No internet service,No internet service,No internet service,No internet service,No internet service,Two year,No,Credit card (automatic),20.5,1191.4,20.54137931034483,1189.0,49-72,0,0,0,0,0.016460858579536004,correct,False
Female,0,Yes,Yes,72,No,No phone service,DSL,Yes,Yes,Yes,Yes,Yes,Yes,Two year,No,Bank transfer (automatic),65.7,4575.35,63.54652777777778,4730.400000000001,49-72,6,0,0,0,0.03517862213421431,correct,False
Female,0,No,No,13,Yes,Yes,Fiber optic,No,Yes,Yes,Yes,No,No,Month-to-month,No,Electronic check,89.4,1132.35,87.10384615384615,1162.2,13-24,3,1,1,1,0.6414301556294483,correct,False
Male,0,Yes,Yes,43,Yes,No,DSL,Yes,No,Yes,Yes,Yes,Yes,Two year,Yes,Credit card (automatic),79.15,3566.6,82.94418604651163,3403.4500000000003,25-48,5,0,0,0,0.06030612068403102,correct,False
Male,0,No,No,41,No,No phone service,DSL,No,No,Yes,No,Yes,Yes,One year,Yes,Electronic check,51.35,2075.1,50.61219512195122,2105.35,25-48,3,1,0,0,0.4420479034185344,correct,True
Female,0,No,No,2,Yes,No,Fiber optic,No,No,No,No,No,No,Month-to-month,No,Bank transfer (automatic),70.0,153.05,76.525,140.0,0-6,0,0,1,1,0.7953750406963608,correct,False
Female,0,No,No,1,Yes,No,No,No internet service,No internet service,No internet service,No internet service,No internet service,No internet service,Month-to-month,No,Credit card (automatic),20.3,20.3,20.3,20.3,0-6,0,0,0,0,0.4109384458872741,correct,True
Male,0,No,No,4,Yes,No,Fiber optic,No,No,No,No,No,Yes,Month-to-month,Yes,Electronic check,79.9,324.3,81.075,319.6,0-6,1,1,1,1,0.9166480241893263,correct,False
Male,0,No,No,1,Yes,No,No,No internet service,No internet service,No internet service,No internet service,No internet service,No internet service,Month-to-month,Yes,Mailed check,19.9,19.9,19.9,19.9,0-6,0,0,0,1,0.5068985075405161,false_positive,True
Male,0,Yes,No,72,Yes,Yes,Fiber optic,Yes,Yes,Yes,Yes,Yes,Yes,Two year,Yes,Credit card (automatic),114.1,8086.4,112.3111111111111,8215.199999999999,49-72,6,0,0,0,0.13229129432388986,correct,False
Female,0,Yes,Yes,69,Yes,Yes,DSL,Yes,No,Yes,Yes,No,No,Two year,Yes,Credit card (automatic),64.15,4254.1,61.6536231884058,4426.35,49-72,3,0,0,0,0.030998815754350113,correct,False
Male,0,Yes,Yes,27,No,No phone service,DSL,No,Yes,Yes,No,No,Yes,One year,Yes,Credit card (automatic),45.85,1246.4,46.162962962962965,1237.95,25-48,3,0,0,0,0.29610946060401977,correct,False
Female,0,No,Yes,14,Yes,No,DSL,No,No,Yes,No,Yes,No,Month-to-month,Yes,Credit card (automatic),59.8,824.85,58.917857142857144,837.1999999999999,13-24,2,0,0,0,0.45328637874628863,correct,True
Male,0,No,No,19,Yes,No,DSL,No,No,No,No,No,No,Month-to-month,Yes,Bank transfer (automatic),45.0,865.85,45.57105263157895,855.0,13-24,0,0,0,0,0.40563728085464823,correct,True
Female,0,Yes,No,18,Yes,No,Fiber optic,No,No,Yes,No,Yes,Yes,Month-to-month,Yes,Credit card (automatic),95.95,1745.5,96.97222222222223,1727.1000000000001,13-24,3,0,0,1,0.7632155943939117,false_positive,False
Male,0,Yes,Yes,5,Yes,No,Fiber optic,Yes,No,Yes,No,No,Yes,Month-to-month,Yes,Mailed check,90.35,434.5,86.9,451.75,0-6,3,0,0,1,0.8141554367276829,false_positive,False
Male,0,Yes,Yes,28,Yes,No,Fiber optic,No,Yes,Yes,No,Yes,Yes,One year,No,Bank transfer (automatic),100.35,2799.0,99.96428571428571,2809.7999999999997,25-48,4,0,0,0,0.38232906694462976,correct,False
Female,0,No,No,30,Yes,No,DSL,Yes,Yes,Yes,Yes,Yes,No,One year,No,Credit card (automatic),74.65,2308.6,76.95333333333333,2239.5,25-48,5,0,0,0,0.09643068133243067,correct,False
Female,1,No,No,71,Yes,Yes,Fiber optic,No,No,Yes,No,Yes,Yes,Two year,No,Bank transfer (automatic),104.05,7413.55,104.41619718309859,7387.55,49-72,3,0,0,0,0.1899105548057707,correct,False
Male,0,No,No,1,Yes,No,DSL,Yes,No,No,Yes,No,No,Month-to-month,Yes,Electronic check,53.95,53.95,53.95,53.95,0-6,2,1,1,1,0.649293275766891,correct,False
Male,0,Yes,Yes,71,Yes,Yes,Fiber optic,Yes,No,No,No,Yes,Yes,Two year,Yes,Electronic check,97.2,6910.3,97.32816901408451,6901.2,49-72,3,1,0,0,0.22462731662894062,correct,False
Female,0,Yes,Yes,32,Yes,Yes,DSL,No,Yes,Yes,No,No,No,Month-to-month,No,Bank transfer (automatic),62.45,2045.55,63.9234375,1998.4,25-48,2,0,0,0,0.24491350731287587,correct,False
Female,1,No,No,70,Yes,Yes,DSL,No,Yes,Yes,Yes,Yes,No,Two year,Yes,Bank transfer (automatic),75.5,5212.65,74.46642857142857,5285.0,49-72,4,0,0,0,0.06490106684839878,correct,False
Male,0,No,No,1,Yes,No,DSL,No,No,No,No,No,Yes,Month-to-month,Yes,Electronic check,55.25,55.25,55.25,55.25,0-6,1,1,0,1,0.8252996549085255,false_positive,False
Male,0,Yes,Yes,1,Yes,No,Fiber optic,No,No,No,No,No,No,Month-to-month,Yes,Electronic check,71.0,71.0,71.0,71.0,0-6,0,1,1,1,0.8760958378300828,correct,False
Female,1,No,No,4,Yes,Yes,DSL,No,No,No,No,No,No,Month-to-month,No,Mailed check,48.75,179.85,44.9625,195.0,0-6,0,0,0,1,0.71652380016737,false_positive,False
Male,1,Yes,No,43,Yes,Yes,Fiber optic,No,Yes,No,Yes,Yes,No,Month-to-month,Yes,Electronic check,94.3,3953.15,91.93372093023255,4054.9,25-48,3,1,0,1,0.6736446474841933,false_positive,False
Male,0,Yes,No,72,Yes,Yes,DSL,Yes,Yes,Yes,Yes,Yes,Yes,Two year,No,Credit card (automatic),92.3,6719.9,93.33194444444445,6645.599999999999,49-72,6,0,0,0,0.03866091534982871,correct,False
Male,1,Yes,Yes,72,Yes,Yes,Fiber optic,Yes,Yes,Yes,Yes,Yes,Yes,Two year,Yes,Bank transfer (automatic),114.95,8196.4,113.83888888888889,8276.4,49-72,6,0,0,0,0.12289270953043582,correct,False
Male,1,Yes,No,4,Yes,Yes,Fiber optic,No,No,No,No,No,No,Month-to-month,Yes,Mailed check,74.4,306.6,76.65,297.6,0-6,0,0,1,1,0.9033640368491752,correct,False
Female,0,No,No,24,Yes,Yes,No,No internet service,No internet service,No internet service,No internet service,No internet service,No internet service,One year,No,Bank transfer (automatic),24.6,605.25,25.21875,590.4000000000001,13-24,0,0,0,0,0.1055246251130337,correct,False
Male,1,Yes,No,1,Yes,Yes,Fiber optic,No,No,No,No,Yes,Yes,Month-to-month,Yes,Electronic check,95.1,95.1,95.1,95.1,0-6,2,1,1,1,0.9634658313877561,correct,False
Female,0,No,No,1,Yes,No,No,No internet service,No internet service,No internet service,No internet service,No internet service,No internet service,Month-to-month,No,Electronic check,18.85,18.85,18.85,18.85,0-6,0,1,0,1,0.5098528197073766,false_positive,True
Male,1,No,No,14,Yes,Yes,Fiber optic,No,No,No,No,Yes,Yes,Month-to-month,Yes,Electronic check,95.6,1273.3,90.95,1338.3999999999999,13-24,2,1,0,1,0.8916115703667907,false_positive,False
Male,1,Yes,No,36,Yes,Yes,Fiber optic,No,No,No,No,No,Yes,Month-to-month,Yes,Electronic check,84.1,3021.6,83.93333333333334,3027.6,25-48,1,1,1,1,0.7941282137158124,correct,False
Male,0,Yes,Yes,40,Yes,Yes,Fiber optic,No,No,Yes,No,No,No,Month-to-month,Yes,Electronic check,81.2,3292.3,82.3075,3248.0,25-48,1,1,0,1,0.6291166750252619,false_positive,False
Male,1,No,No,67,Yes,No,Fiber optic,Yes,Yes,No,Yes,Yes,Yes,Two year,Yes,Electronic check,105.05,7171.7,107.04029850746268,7038.349999999999,49-72,5,1,0,0,0.16477008776739532,correct,False
Male,0,Yes,Yes,69,Yes,No,Fiber optic,No,Yes,No,Yes,Yes,No,Two year,Yes,Mailed check,92.15,6480.9,93.92608695652173,6358.35,49-72,3,0,0,0,0.08483983290687626,correct,False
Male,0,No,No,1,Yes,No,No,No internet service,No internet service,No internet service,No internet service,No internet service,No internet service,Month-to-month,No,Mailed check,20.6,20.6,20.6,20.6,0-6,0,0,0,0,0.4169186902695373,correct,True
Female,0,No,Yes,10,No,No phone service,DSL,Yes,Yes,No,Yes,No,No,One year,No,Mailed check,40.25,411.45,41.144999999999996,402.5,7-12,3,0,0,0,0.15803069853268897,correct,False
Male,0,Yes,Yes,55,Yes,No,DSL,Yes,Yes,No,Yes,No,No,Two year,No,Bank transfer (automatic),57.55,3046.4,55.38909090909091,3165.25,49-72,3,0,1,0,0.020385885814045383,false_negative,False
Male,0,Yes,Yes,68,Yes,Yes,Fiber optic,Yes,Yes,Yes,Yes,Yes,Yes,Two year,Yes,Electronic check,113.15,7856.0,115.52941176470588,7694.200000000001,49-72,6,1,1,0,0.16657607492230936,false_negative,False
Male,1,Yes,Yes,66,Yes,Yes,Fiber optic,No,No,Yes,No,Yes,Yes,Month-to-month,Yes,Credit card (automatic),99.5,6822.15,103.36590909090908,6567.0,49-72,3,0,1,1,0.6456496190654109,correct,False
Female,0,No,No,7,Yes,No,Fiber optic,No,No,No,No,No,No,Month-to-month,Yes,Mailed check,69.9,497.3,71.04285714285714,489.30000000000007,7-12,0,0,0,1,0.7217463277861944,false_positive,False
Female,0,Yes,Yes,10,Yes,No,No,No internet service,No internet service,No internet service,No internet service,No internet service,No internet service,Two year,No,Mailed check,20.15,220.8,22.080000000000002,201.5,7-12,0,0,0,0,0.04670725647246937,correct,False
Male,0,No,No,1,No,No phone service,DSL,No,No,No,Yes,No,No,Month-to-month,No,Mailed check,29.15,29.15,29.15,29.15,0-6,1,0,0,1,0.6682719484038917,false_positive,False
Male,0,Yes,Yes,55,Yes,No,No,No internet service,No internet service,No internet service,No internet service,No internet service,No internet service,Two year,No,Bank transfer (automatic),19.35,1153.25,20.96818181818182,1064.25,49-72,0,0,0,0,0.018432232637769694,correct,False
Male,0,Yes,No,45,Yes,Yes,Fiber optic,No,Yes,Yes,No,Yes,Yes,Month-to-month,Yes,Bank transfer (automatic),107.75,4882.8,108.50666666666667,4848.75,25-48,4,0,0,1,0.6630930298936387,false_positive,False
Female,0,Yes,No,10,Yes,No,DSL,No,No,Yes,No,Yes,Yes,Month-to-month,Yes,Credit card (automatic),67.8,653.15,65.315,678.0,7-12,3,0,0,1,0.663585566585379,false_positive,False
Female,0,Yes,No,69,Yes,Yes,Fiber optic,Yes,Yes,Yes,Yes,Yes,Yes,Two year,Yes,Electronic check,116.0,8182.85,118.59202898550726,8004.0,49-72,6,1,0,0,0.18004098840610766,correct,False
Female,1,No,No,1,Yes,Yes,Fiber optic,No,No,No,No,No,Yes,Month-to-month,Yes,Electronic check,85.05,85.05,85.05,85.05,0-6,1,1,1,1,0.9483391131855313,correct,False
Female,0,No,No,33,Yes,Yes,No,No internet service,No internet service,No internet service,No internet service,No internet service,No internet service,Two year,No,Credit card (automatic),25.7,826.1,25.033333333333335,848.1,25-48,0,0,0,0,0.03722741674184601,correct,False
Female,0,No,No,45,Yes,No,DSL,Yes,No,Yes,Yes,Yes,Yes,Two year,No,Bank transfer (automatic),81.65,3618.7,80.41555555555556,3674.2500000000005,25-48,5,0,0,0,0.04453879323477977,correct,False
Female,0,No,No,1,Yes,No,DSL,No,No,No,No,No,No,Month-to-month,No,Mailed check,44.75,44.75,44.75,44.75,0-6,0,0,0,1,0.6217247568460975,false_positive,False
Male,0,No,No,31,Yes,Yes,DSL,No,Yes,No,Yes,Yes,No,Month-to-month,Yes,Electronic check,71.05,2168.15,69.94032258064516,2202.5499999999997,25-48,3,1,0,0,0.46508790597951694,correct,True
Male,0,Yes,Yes,50,Yes,No,No,No internet service,No internet service,No internet service,No internet service,No internet service,No internet service,One year,Yes,Mailed check,20.35,938.95,18.779,1017.5000000000001,49-72,0,0,0,0,0.06684059046300478,correct,False
Female,0,No,No,57,Yes,Yes,Fiber optic,Yes,Yes,No,Yes,No,No,Month-to-month,Yes,Bank transfer (automatic),87.55,4884.85,85.69912280701755,4990.349999999999,49-72,3,0,0,0,0.3576150218732853,correct,False
Male,0,No,No,1,Yes,Yes,Fiber optic,No,No,No,No,No,No,Month-to-month,Yes,Mailed check,74.25,74.25,74.25,74.25,0-6,0,0,1,1,0.8923147025484743,correct,False
Female,0,No,No,2,Yes,No,Fiber optic,No,No,Yes,No,No,No,Month-to-month,Yes,Electronic check,75.8,160.75,80.375,151.6,0-6,1,1,1,1,0.8888582776270147,correct,False
Male,0,No,No,3,Yes,Yes,Fiber optic,No,Yes,Yes,No,Yes,Yes,Month-to-month,Yes,Bank transfer (automatic),105.35,323.25,107.75,316.04999999999995,0-6,4,0,1,1,0.9243279507407645,correct,False
Male,1,Yes,No,67,Yes,Yes,Fiber optic,No,No,No,No,Yes,Yes,Month-to-month,Yes,Credit card (automatic),94.65,6079.0,90.73134328358209,6341.55,49-72,2,0,0,1,0.6850286964310475,false_positive,False
Female,1,No,No,42,Yes,Yes,Fiber optic,No,Yes,Yes,No,Yes,Yes,Month-to-month,Yes,Bank transfer (automatic),104.75,4323.45,102.93928571428572,4399.5,25-48,4,0,1,1,0.7112933798423957,correct,False
Female,0,Yes,No,70,Yes,Yes,No,No internet service,No internet service,No internet service,No internet service,No internet service,No internet service,Two year,Yes,Bank transfer (automatic),26.0,2006.95,28.670714285714286,1820.0,49-72,0,0,0,0,0.028643993069911142,correct,False
Male,0,Yes,No,71,Yes,No,No,No internet service,No internet service,No internet service,No internet service,No internet service,No internet service,One year,No,Electronic check,20.85,1539.75,21.68661971830986,1480.3500000000001,49-72,0,1,0,0,0.05133960560731615,correct,False
Male,0,No,No,9,Yes,Yes,Fiber optic,No,No,No,No,No,No,Month-to-month,Yes,Electronic check,75.85,724.65,80.51666666666667,682.65,7-12,0,1,0,1,0.8319789423544366,false_positive,False
Male,0,Yes,Yes,72,No,No phone service,DSL,Yes,Yes,Yes,Yes,No,No,Two year,No,Credit card (automatic),45.25,3139.8,43.608333333333334,3258.0,49-72,4,0,0,0,0.02042139832190633,correct,False
Male,0,Yes,Yes,53,Yes,Yes,Fiber optic,No,Yes,Yes,No,Yes,Yes,One year,Yes,Electronic check,105.25,5576.3,105.21320754716982,5578.25,49-72,4,1,0,1,0.5558279365484429,false_positive,True
Female,1,No,No,19,Yes,No,Fiber optic,Yes,Yes,No,Yes,Yes,Yes,Month-to-month,Yes,Mailed check,105.0,2007.25,105.64473684210526,1995.0,13-24,5,0,0,1,0.619735738154025,false_positive,False
Female,0,No,No,9,Yes,Yes,Fiber optic,No,No,No,No,Yes,Yes,Month-to-month,No,Electronic check,94.4,857.25,95.25,849.6,7-12,2,1,1,1,0.8659302970120482,correct,False
Male,0,Yes,Yes,72,Yes,No,Fiber optic,Yes,Yes,No,Yes,Yes,Yes,Two year,No,Bank transfer (automatic),105.5,7611.55,105.71597222222222,7596.0,49-72,5,0,0,0,0.056748413614348896,correct,False
Male,0,Yes,Yes,20,No,No phone service,DSL,Yes,No,Yes,Yes,No,No,Two year,Yes,Credit card (automatic),39.4,825.4,41.269999999999996,788.0,13-24,3,0,0,0,0.08624916200594936,correct,False
Female,0,Yes,Yes,43,Yes,No,No,No internet service,No internet service,No internet service,No internet service,No internet service,No internet service,One year,No,Mailed check,20.0,817.95,19.022093023255817,860.0,25-48,0,0,0,0,0.043620843374860586,correct,False
Female,0,No,No,50,Yes,Yes,DSL,No,Yes,No,Yes,Yes,Yes,Two year,Yes,Mailed check,79.6,4024.2,80.484,3979.9999999999995,49-72,4,0,0,0,0.11808260042693307,correct,False
Female,0,Yes,No,55,Yes,Yes,Fiber optic,Yes,No,No,No,Yes,No,Month-to-month,Yes,Bank transfer (automatic),89.8,4959.6,90.17454545454547,4939.0,49-72,2,0,0,1,0.5437720706119767,false_positive,True
Male,0,Yes,No,2,Yes,No,Fiber optic,No,No,No,Yes,Yes,Yes,Month-to-month,Yes,Electronic check,94.2,167.5,83.75,188.4,0-6,3,1,1,1,0.9252574579638175,correct,False
Female,0,Yes,Yes,9,Yes,No,No,No internet service,No internet service,No internet service,No internet service,No internet service,No internet service,Two year,No,Mailed check,20.35,191.1,21.233333333333334,183.15,7-12,0,0,0,0,0.04763416697580306,correct,False
Male,0,No,No,10,No,No phone service,DSL,No,No,No,No,No,Yes,Month-to-month,Yes,Mailed check,33.9,298.45,29.845,339.0,7-12,1,0,1,1,0.6890294624408513,correct,False
Female,0,No,No,71,Yes,No,DSL,Yes,Yes,Yes,Yes,Yes,No,Two year,No,Credit card (automatic),77.35,5550.1,78.17042253521127,5491.849999999999,49-72,5,0,0,0,0.019837387405606755,correct,False
Female,0,Yes,No,32,Yes,No,Fiber optic,No,Yes,No,No,No,Yes,Month-to-month,No,Bank transfer (automatic),84.15,2585.95,80.8109375,2692.8,25-48,2,0,1,1,0.5164479189223462,correct,True
Male,1,Yes,No,3,Yes,Yes,Fiber optic,No,Yes,Yes,No,Yes,Yes,Month-to-month,Yes,Electronic check,105.9,334.65,111.55,317.70000000000005,0-6,4,1,1,1,0.9554480614716632,correct,False
Male,1,Yes,No,16,Yes,No,Fiber optic,No,Yes,No,No,No,No,Month-to-month,Yes,Credit card (automatic),74.3,1178.25,73.640625,1188.8,13-24,1,0,1,1,0.6647669914186417,correct,False
Male,0,No,No,25,Yes,No,Fiber optic,No,No,No,No,No,No,Month-to-month,No,Electronic check,69.75,1729.35,69.17399999999999,1743.75,25-48,0,1,0,1,0.6024435301510076,false_positive,False
Male,0,No,No,38,Yes,No,Fiber optic,No,No,No,No,No,No,One year,Yes,Bank transfer (automatic),70.45,2597.6,68.3578947368421,2677.1,25-48,0,0,1,0,0.337482282770932,false_negative,False
Female,0,No,No,40,Yes,No,No,No internet service,No internet service,No internet service,No internet service,No internet service,No internet service,Two year,No,Mailed check,20.15,804.85,20.12125,806.0,25-48,0,0,0,0,0.02349702130159775,correct,False
Female,0,Yes,Yes,61,Yes,Yes,No,No internet service,No internet service,No internet service,No internet service,No internet service,No internet service,Two year,Yes,Mailed check,24.2,1445.2,23.691803278688525,1476.2,49-72,0,0,0,0,0.03020509481601188,correct,False
Female,0,Yes,Yes,25,Yes,No,No,No internet service,No internet service,No internet service,No internet service,No internet service,No internet service,One year,No,Mailed check,20.05,520.1,20.804000000000002,501.25,25-48,0,0,0,0,0.0653809698260189,correct,False
Female,0,No,Yes,48,Yes,No,Fiber optic,No,Yes,Yes,Yes,Yes,No,Two year,Yes,Mailed check,95.5,4627.85,96.41354166666667,4584.0,25-48,4,0,1,0,0.10387880215205347,false_negative,False
Female,0,No,No,3,Yes,No,Fiber optic,No,No,No,No,No,No,Month-to-month,Yes,Bank transfer (automatic),69.55,222.3,74.10000000000001,208.64999999999998,0-6,0,0,1,1,0.8447377922635665,correct,False
Female,0,No,No,63,Yes,Yes,Fiber optic,Yes,Yes,Yes,No,Yes,Yes,Month-to-month,No,Credit card (automatic),108.25,6780.1,107.62063492063493,6819.75,49-72,5,0,0,0,0.45829407752448215,correct,True
Female,1,No,No,37,Yes,Yes,Fiber optic,No,No,No,No,No,No,Month-to-month,Yes,Electronic check,76.25,2841.55,76.79864864864865,2821.25,25-48,0,1,1,1,0.7087278476851746,correct,False
Male,0,No,No,1,Yes,No,DSL,Yes,No,No,No,No,No,Month-to-month,Yes,Credit card (automatic),49.8,49.8,49.8,49.8,0-6,1,0,0,1,0.6268267088742477,false_positive,False
Male,0,Yes,Yes,17,Yes,No,Fiber optic,No,No,No,No,Yes,No,Month-to-month,No,Electronic check,80.85,1400.85,82.40294117647058,1374.4499999999998,13-24,1,1,1,1,0.6705359527912121,correct,False
Male,0,No,No,3,Yes,No,DSL,No,No,No,Yes,Yes,Yes,Month-to-month,Yes,Electronic check,69.35,191.35,63.78333333333333,208.04999999999998,0-6,3,1,1,1,0.8226456757427566,correct,False
Female,0,Yes,No,21,Yes,No,Fiber optic,No,No,No,Yes,Yes,No,Month-to-month,Yes,Electronic check,86.05,1818.9,86.61428571428571,1807.05,13-24,2,1,0,1,0.7006928441180914,false_positive,False
Female,0,Yes,Yes,67,No,No phone service,DSL,Yes,Yes,No,No,No,No,Two year,No,Bank transfer (automatic),36.15,2434.45,36.33507462686567,2422.0499999999997,49-72,2,0,0,0,0.028262979131527564,correct,False
Female,0,Yes,Yes,34,Yes,No,No,No internet service,No internet service,No internet service,No internet service,No internet service,No internet service,One year,Yes,Bank transfer (automatic),20.1,682.1,20.061764705882354,683.4000000000001,25-48,0,0,0,0,0.07312657658680474,correct,False
Male,0,No,No,18,Yes,Yes,Fiber optic,No,No,Yes,No,No,Yes,Month-to-month,Yes,Credit card (automatic),90.7,1597.25,88.73611111111111,1632.6000000000001,13-24,2,0,1,1,0.7679256235517167,correct,False
Male,0,Yes,Yes,72,Yes,Yes,DSL,Yes,Yes,Yes,Yes,Yes,Yes,Two year,No,Credit card (automatic),88.7,6501.35,90.29652777777778,6386.400000000001,49-72,6,0,0,0,0.033982618949825495,correct,False
Male,0,Yes,Yes,18,Yes,No,Fiber optic,No,No,Yes,No,Yes,Yes,Month-to-month,No,Mailed check,95.15,1779.95,98.88611111111112,1712.7,13-24,3,0,1,1,0.658634800072287,correct,False
Male,0,No,No,3,Yes,Yes,Fiber optic,No,No,No,No,No,No,Month-to-month,No,Mailed check,75.0,209.1,69.7,225.0,0-6,0,0,1,1,0.8467448191123813,correct,False
Female,0,No,No,1,Yes,Yes,DSL,No,No,No,No,No,No,Month-to-month,Yes,Bank transfer (automatic),49.95,49.95,49.95,49.95,0-6,0,0,1,1,0.7586209120033046,correct,False
Male,0,No,No,10,Yes,Yes,DSL,No,No,No,No,Yes,Yes,Month-to-month,Yes,Credit card (automatic),72.15,794.25,79.425,721.5,7-12,2,0,1,1,0.7061673998697374,correct,False
Female,0,No,No,10,Yes,No,No,No internet service,No internet service,No internet service,No internet service,No internet service,No internet service,Month-to-month,Yes,Mailed check,20.9,247.0,24.7,209.0,7-12,0,0,0,0,0.2890588171509629,correct,False
Female,0,Yes,Yes,29,Yes,No,No,No internet service,No internet service,No internet service,No internet service,No internet service,No internet service,One year,No,Electronic check,20.0,540.05,18.622413793103448,580.0,25-48,0,1,0,0,0.08442740930222738,correct,False
Female,1,Yes,No,34,Yes,Yes,Fiber optic,No,Yes,Yes,No,No,Yes,Month-to-month,Yes,Electronic check,94.25,3217.55,94.63382352941177,3204.5,25-48,3,1,1,1,0.7732854830565855,correct,False
Male,1,Yes,No,7,Yes,Yes,Fiber optic,No,No,Yes,No,Yes,Yes,Month-to-month,Yes,Electronic check,101.95,700.85,100.12142857142858,713.65,7-12,3,1,1,1,0.9202401389205351,correct,False
Male,0,Yes,Yes,69,Yes,Yes,DSL,Yes,No,Yes,Yes,Yes,Yes,Two year,No,Bank transfer (automatic),86.9,6194.1,89.7695652173913,5996.1,49-72,5,0,0,0,0.038537570770839365,correct,False
Female,0,No,No,36,Yes,Yes,DSL,Yes,No,No,No,No,No,One year,No,Mailed check,54.45,1893.5,52.59722222222222,1960.2,25-48,1,0,0,0,0.12713019208175108,correct,False
Male,0,Yes,No,72,Yes,Yes,DSL,No,Yes,Yes,Yes,Yes,Yes,Two year,No,Bank transfer (automatic),85.95,6151.9,85.44305555555555,6188.400000000001,49-72,5,0,0,0,0.05518916992294814,correct,False
Female,0,No,No,42,Yes,No,No,No internet service,No internet service,No internet service,No internet service,No internet service,No internet service,One year,Yes,Mailed check,20.65,958.1,22.811904761904763,867.3,25-48,0,0,0,0,0.0718110578133738,correct,False
Male,0,No,No,42,Yes,Yes,Fiber optic,Yes,Yes,Yes,No,No,Yes,One year,Yes,Electronic check,99.0,4298.45,102.34404761904761,4158.0,25-48,4,1,0,0,0.44636234649002005,correct,True
Male,0,No,No,67,No,No phone service,DSL,Yes,No,No,Yes,Yes,No,Two year,No,Electronic check,43.9,3097.2,46.22686567164179,2941.2999999999997,49-72,3,1,0,0,0.05981535518411374,correct,False
Female,1,No,No,21,Yes,Yes,Fiber optic,No,No,No,No,Yes,Yes,Month-to-month,Yes,Bank transfer (automatic),95.4,2025.1,96.43333333333332,2003.4,13-24,2,0,0,1,0.821593329958337,false_positive,False
Female,0,No,No,23,Yes,Yes,Fiber optic,No,No,No,No,Yes,Yes,Month-to-month,Yes,Electronic check,93.5,2341.55,101.80652173913045,2150.5,13-24,2,1,0,1,0.8503709676339625,false_positive,False
Female,0,No,No,15,Yes,No,Fiber optic,Yes,No,No,No,Yes,No,Month-to-month,No,Electronic check,86.2,1270.2,84.68,1293.0,13-24,2,1,1,1,0.6307187007496072,correct,False
Female,1,Yes,No,34,Yes,No,DSL,No,No,Yes,Yes,Yes,No,One year,No,Bank transfer (automatic),64.2,2106.3,61.95,2182.8,25-48,3,0,0,0,0.16322216632790168,correct,False
Male,1,Yes,No,7,Yes,Yes,Fiber optic,No,No,Yes,No,Yes,Yes,Month-to-month,Yes,Electronic check,99.25,665.45,95.06428571428572,694.75,7-12,3,1,1,1,0.9246364441645457,correct,False
Male,0,No,Yes,9,Yes,No,No,No internet service,No internet service,No internet service,No internet service,No internet service,No internet service,Month-to-month,No,Mailed check,20.4,184.1,20.455555555555556,183.6,7-12,0,0,0,0,0.19971326741621676,correct,False
Female,0,Yes,No,34,Yes,Yes,No,No internet service,No internet service,No internet service,No internet service,No internet service,No internet service,Month-to-month,No,Electronic check,24.7,780.2,22.947058823529414,839.8,25-48,0,1,0,0,0.22559135388663695,correct,False
Male,0,No,No,1,No,No phone service,DSL,No,No,No,No,No,Yes,Month-to-month,Yes,Electronic check,35.55,35.55,35.55,35.55,0-6,1,1,1,1,0.8800900155886388,correct,False
Female,0,No,No,25,Yes,Yes,Fiber optic,No,Yes,Yes,Yes,Yes,Yes,Two year,No,Electronic check,108.9,2809.05,112.36200000000001,2722.5,25-48,5,1,0,0,0.3294971538901521,correct,False
Female,0,Yes,No,72,Yes,Yes,Fiber optic,Yes,Yes,Yes,Yes,Yes,Yes,Two year,Yes,Bank transfer (automatic),115.5,8312.75,115.45486111111111,8316.0,49-72,6,0,0,0,0.12381459847898307,correct,False
Male,0,No,No,1,Yes,No,No,No internet service,No internet service,No internet service,No internet service,No internet service,No internet service,Month-to-month,No,Electronic check,20.55,20.55,20.55,20.55,0-6,0,1,1,1,0.5086739397363325,correct,True
Female,0,Yes,No,60,Yes,Yes,Fiber optic,No,Yes,No,No,Yes,Yes,Month-to-month,Yes,Electronic check,99.8,5985.75,99.7625,5988.0,49-72,3,1,0,1,0.7257657217811521,false_positive,False
Male,0,Yes,No,43,Yes,No,Fiber optic,Yes,No,Yes,Yes,No,No,One year,Yes,Bank transfer (automatic),84.25,3539.25,82.30813953488372,3622.75,25-48,3,0,0,0,0.20323520189161134,correct,False
Male,0,No,No,3,Yes,No,No,No internet service,No internet service,No internet service,No internet service,No internet service,No internet service,One year,No,Mailed check,21.2,52.05,17.349999999999998,63.599999999999994,0-6,0,0,0,0,0.2449253838758809,correct,False
Male,1,Yes,No,72,Yes,Yes,DSL,Yes,Yes,Yes,No,Yes,Yes,Two year,Yes,Credit card (automatic),84.1,5981.65,83.07847222222222,6055.2,49-72,5,0,0,0,0.0870690385442757,correct,False
Male,0,No,No,2,Yes,No,DSL,No,No,No,No,No,No,Month-to-month,No,Electronic check,45.35,89.5,44.75,90.7,0-6,0,1,1,1,0.7031015563099705,correct,False
Male,0,No,No,10,Yes,No,Fiber optic,Yes,No,Yes,No,Yes,Yes,One year,Yes,Electronic check,98.9,1064.95,106.495,989.0,7-12,4,1,0,1,0.6951034999260585,false_positive,False
Male,0,No,No,7,Yes,Yes,Fiber optic,No,No,Yes,No,Yes,Yes,Month-to-month,Yes,Bank transfer (automatic),98.05,713.0,101.85714285714286,686.35,7-12,3,0,1,1,0.8749761643408939,correct,False
Female,0,Yes,No,33,Yes,No,DSL,No,No,No,Yes,No,No,One year,Yes,Mailed check,51.45,1758.9,53.300000000000004,1697.8500000000001,25-48,1,0,0,0,0.14646602170894324,correct,False
Male,0,No,No,31,Yes,Yes,Fiber optic,No,Yes,No,No,No,No,Month-to-month,Yes,Electronic check,81.15,2640.55,85.17903225806452,2515.65,25-48,1,1,0,1,0.6817884938885073,false_positive,False
Male,1,No,No,38,Yes,Yes,Fiber optic,No,No,No,No,Yes,Yes,Month-to-month,No,Electronic check,94.75,3653.0,96.13157894736842,3600.5,25-48,2,1,0,1,0.7674972603276818,false_positive,False
Female,0,No,No,24,Yes,Yes,Fiber optic,Yes,No,No,Yes,No,No,Month-to-month,Yes,Electronic check,84.35,1938.05,80.75208333333333,2024.3999999999999,13-24,2,1,0,1,0.6100535460930155,false_positive,False
Female,0,No,No,28,Yes,No,DSL,No,No,Yes,No,Yes,No,Month-to-month,Yes,Bank transfer (automatic),59.55,1646.45,58.801785714285714,1667.3999999999999,25-48,2,0,0,0,0.41882275320679524,correct,True
Male,0,Yes,Yes,72,No,No phone service,DSL,Yes,Yes,Yes,No,No,No,Two year,No,Credit card (automatic),38.5,2763.0,38.375,2772.0,49-72,3,0,0,0,0.028060128498048384,correct,False
Female,0,Yes,No,20,Yes,No,No,No internet service,No internet service,No internet service,No internet service,No internet service,No internet service,Month-to-month,No,Bank transfer (automatic),19.25,375.25,18.7625,385.0,13-24,0,0,0,0,0.17115211555197118,correct,False
Male,0,No,No,60,Yes,No,DSL,Yes,No,Yes,Yes,Yes,Yes,One year,No,Mailed check,79.0,4801.1,80.01833333333335,4740.0,49-72,5,0,0,0,0.10025599442289108,correct,False
Female,1,No,No,4,Yes,Yes,Fiber optic,No,No,Yes,No,Yes,No,Month-to-month,Yes,Electronic check,89.2,346.2,86.55,356.8,0-6,2,1,1,1,0.9449528071617759,correct,False
Female,0,Yes,No,46,Yes,Yes,DSL,Yes,No,No,No,No,No,Month-to-month,No,Bank transfer (automatic),55.0,2473.95,53.78152173913043,2530.0,25-48,1,0,0,0,0.19530892526410007,correct,False
Male,0,Yes,Yes,72,Yes,Yes,DSL,Yes,Yes,Yes,Yes,Yes,No,Two year,No,Bank transfer (automatic),82.3,5815.15,80.76597222222222,5925.599999999999,49-72,5,0,0,0,0.022799885301265917,correct,False
Female,1,No,No,41,Yes,Yes,Fiber optic,Yes,Yes,Yes,No,Yes,Yes,Month-to-month,Yes,Electronic check,113.2,4689.5,114.3780487804878,4641.2,25-48,5,1,1,1,0.7051887502300571,correct,False
Male,1,Yes,No,65,Yes,Yes,Fiber optic,Yes,No,No,No,Yes,Yes,One year,Yes,Electronic check,100.75,6674.65,102.68692307692307,6548.75,49-72,3,1,0,1,0.5189763932979599,false_positive,True
Male,0,Yes,Yes,43,No,No phone service,DSL,No,Yes,No,No,No,No,Month-to-month,No,Credit card (automatic),29.3,1224.05,28.46627906976744,1259.9,25-48,1,0,0,0,0.23986378121353627,correct,False
Female,0,No,Yes,21,Yes,No,DSL,Yes,No,Yes,No,No,Yes,One year,No,Mailed check,64.85,1336.8,63.65714285714286,1361.85,13-24,3,0,0,0,0.145505367555881,correct,False
Male,0,Yes,Yes,54,Yes,No,No,No internet service,No internet service,No internet service,No internet service,No internet service,No internet service,Two year,No,Credit card (automatic),20.4,1090.6,20.196296296296296,1101.6,49-72,0,0,0,0,0.0187061597760456,correct,False
Female,1,Yes,No,61,Yes,Yes,Fiber optic,No,Yes,Yes,No,Yes,Yes,One year,Yes,Credit card (automatic),104.4,6405.0,105.0,6368.400000000001,49-72,4,0,1,1,0.5058823905829972,correct,True
Male,0,No,No,20,No,No phone service,DSL,Yes,Yes,Yes,Yes,Yes,No,Month-to-month,Yes,Credit card (automatic),55.0,1165.55,58.277499999999996,1100.0,13-24,5,0,0,0,0.3921705821172614,correct,False
Male,0,No,No,69,Yes,Yes,Fiber optic,No,Yes,No,Yes,Yes,Yes,One year,Yes,Bank transfer (automatic),105.2,7386.05,107.04420289855072,7258.8,49-72,4,0,0,0,0.34120349925434507,correct,False
Male,1,No,No,1,Yes,No,DSL,No,No,No,No,No,No,Month-to-month,No,Electronic check,45.2,45.2,45.2,45.2,0-6,0,1,0,1,0.7402217419145488,false_positive,False
Male,1,Yes,No,33,Yes,No,Fiber optic,Yes,Yes,No,Yes,No,Yes,One year,Yes,Electronic check,93.55,3055.5,92.5909090909091,3087.15,25-48,4,1,0,0,0.39957397765092156,correct,False
Male,0,No,Yes,19,Yes,No,No,No internet service,No internet service,No internet service,No internet service,No internet service,No internet service,Two year,No,Credit card (automatic),20.85,467.5,24.605263157894736,396.15000000000003,13-24,0,0,0,0,0.03194961309410805,correct,False
Male,0,No,No,2,Yes,No,Fiber optic,No,No,No,No,Yes,No,Month-to-month,No,Electronic check,79.0,143.65,71.825,158.0,0-6,1,1,1,1,0.8910336984679578,correct,False
Female,0,Yes,Yes,13,Yes,No,DSL,Yes,No,Yes,No,No,Yes,Month-to-month,Yes,Mailed check,63.15,816.8,62.83076923076923,820.9499999999999,13-24,3,0,0,0,0.39571503688453075,correct,False
Male,0,No,No,1,Yes,No,DSL,No,No,No,No,No,No,Month-to-month,Yes,Mailed check,45.8,45.8,45.8,45.8,0-6,0,0,0,1,0.7014262285409012,false_positive,False
Female,0,Yes,Yes,55,Yes,No,DSL,Yes,Yes,No,No,No,No,Month-to-month,No,Electronic check,55.7,3131.8,56.941818181818185,3063.5,49-72,2,1,0,0,0.15569429292536677,correct,False
Male,0,No,No,22,Yes,Yes,Fiber optic,No,No,No,No,Yes,Yes,Month-to-month,Yes,Electronic check,95.1,2162.6,98.3,2092.2,13-24,2,1,0,1,0.8535893585043419,false_positive,False
Male,1,Yes,No,27,Yes,Yes,Fiber optic,No,No,No,No,No,No,Month-to-month,Yes,Electronic check,75.5,1893.95,70.1462962962963,2038.5,25-48,0,1,1,1,0.7717731199029014,correct,False
Male,1,Yes,No,13,Yes,No,Fiber optic,No,Yes,No,Yes,No,Yes,Month-to-month,Yes,Bank transfer (automatic),89.05,1169.35,89.94999999999999,1157.6499999999999,13-24,3,0,1,1,0.6846885318352715,correct,False
Male,0,Yes,Yes,26,Yes,No,DSL,No,No,Yes,No,No,No,One year,No,Mailed check,50.35,1285.8,49.45384615384615,1309.1000000000001,25-48,1,0,0,0,0.14182103400040408,correct,False
Male,0,Yes,Yes,35,Yes,No,No,No internet service,No internet service,No internet service,No internet service,No internet service,No internet service,Two year,No,Mailed check,20.1,655.3,18.72285714285714,703.5,25-48,0,0,0,0,0.023069435881810808,correct,False
Female,1,No,No,56,Yes,Yes,Fiber optic,No,Yes,Yes,No,Yes,Yes,Month-to-month,No,Electronic check,104.75,5841.35,104.30982142857144,5866.0,49-72,4,1,0,1,0.7004769571357974,false_positive,False
Male,0,No,No,1,Yes,Yes,Fiber optic,No,No,No,No,Yes,Yes,Month-to-month,Yes,Electronic check,95.45,95.45,95.45,95.45,0-6,2,1,1,1,0.9555147636717645,correct,False
Male,1,Yes,No,1,Yes,Yes,Fiber optic,No,No,No,No,No,No,Month-to-month,No,Electronic check,74.3,74.3,74.3,74.3,0-6,0,1,0,1,0.9115218047337833,false_positive,False
Male,0,No,No,23,Yes,Yes,Fiber optic,No,No,No,Yes,Yes,No,Month-to-month,Yes,Electronic check,90.6,1943.2,84.48695652173913,2083.7999999999997,13-24,2,1,1,1,0.7557494767014947,correct,False
Female,0,No,No,7,Yes,Yes,Fiber optic,No,No,No,No,No,No,Month-to-month,No,Mailed check,75.45,480.75,68.67857142857143,528.15,7-12,0,0,1,1,0.714879125083537,correct,False
Male,0,Yes,No,22,Yes,No,Fiber optic,Yes,Yes,No,Yes,Yes,Yes,Month-to-month,Yes,Electronic check,104.6,2180.55,99.1159090909091,2301.2,13-24,5,1,0,1,0.6711394344986563,false_positive,False
Male,0,Yes,No,56,Yes,Yes,DSL,No,Yes,Yes,No,No,No,Two year,No,Credit card (automatic),59.5,3389.25,60.52232142857143,3332.0,49-72,2,0,0,0,0.060519249862271376,correct,False
Male,0,Yes,No,71,Yes,No,DSL,Yes,No,Yes,Yes,Yes,Yes,Two year,Yes,Electronic check,82.55,5832.65,82.14999999999999,5861.05,49-72,5,1,0,0,0.06564822608888835,correct,False
Male,0,Yes,Yes,59,Yes,No,No,No internet service,No internet service,No internet service,No internet service,No internet service,No internet service,Two year,No,Mailed check,19.85,1188.25,20.139830508474578,1171.15,49-72,0,0,0,0,0.01680927882517516,correct,False
Female,0,No,No,18,Yes,No,Fiber optic,Yes,No,No,No,Yes,Yes,Month-to-month,Yes,Electronic check,96.05,1740.7,96.70555555555556,1728.8999999999999,13-24,3,1,1,1,0.756082442051299,correct,False
Male,0,Yes,No,60,Yes,No,DSL,Yes,Yes,No,Yes,No,No,Two year,Yes,Mailed check,61.35,3766.2,62.769999999999996,3681.0,49-72,3,0,0,0,0.02922509661637399,correct,False
Female,0,No,No,8,Yes,No,DSL,No,No,No,No,No,No,Month-to-month,No,Mailed check,44.45,369.3,46.1625,355.6,7-12,0,0,0,0,0.4208025344099739,correct,True
Male,0,No,No,1,Yes,No,No,No internet service,No internet service,No internet service,No internet service,No internet service,No internet service,Month-to-month,Yes,Credit card (automatic),19.75,19.75,19.75,19.75,0-6,0,0,0,1,0.5080095260228391,false_positive,True
Female,1,Yes,No,1,Yes,No,Fiber optic,No,No,No,No,No,No,Month-to-month,Yes,Mailed check,70.45,70.45,70.45,70.45,0-6,0,0,1,1,0.8739878617807685,correct,False
Female,0,Yes,Yes,28,Yes,No,Fiber optic,Yes,No,No,No,No,Yes,One year,Yes,Bank transfer (automatic),82.85,2320.8,82.88571428571429,2319.7999999999997,25-48,2,0,0,0,0.34825893725696544,correct,False
Male,0,No,No,18,Yes,Yes,Fiber optic,No,No,No,No,No,No,Month-to-month,No,Mailed check,74.15,1387.0,77.05555555555556,1334.7,13-24,0,0,0,1,0.6343145593127092,false_positive,False
Male,0,No,No,24,Yes,No,Fiber optic,No,No,No,No,Yes,Yes,Month-to-month,Yes,Electronic check,90.35,2238.5,93.27083333333333,2168.3999999999996,13-24,2,1,1,1,0.8011267243869353,correct,False
Female,0,Yes,Yes,68,No,No phone service,DSL,No,Yes,Yes,Yes,Yes,Yes,Two year,No,Credit card (automatic),60.3,4109.0,60.4264705882353,4100.4,49-72,5,0,0,0,0.05533105705324269,correct,False
Male,0,Yes,Yes,71,Yes,No,Fiber optic,Yes,Yes,Yes,No,Yes,Yes,One year,Yes,Bank transfer (automatic),104.65,7288.4,102.65352112676055,7430.150000000001,49-72,5,0,0,0,0.2237386314129372,correct,False
Male,0,Yes,Yes,64,Yes,No,No,No internet service,No internet service,No internet service,No internet service,No internet service,No internet service,Two year,Yes,Bank transfer (automatic),19.7,1274.05,19.90703125,1260.8,49-72,0,0,0,0,0.02085000589281388,correct,False
Female,0,Yes,No,72,Yes,Yes,Fiber optic,Yes,Yes,Yes,No,Yes,Yes,Two year,Yes,Electronic check,110.75,7751.7,107.6625,7974.0,49-72,5,1,0,0,0.2153563905893095,correct,False
Female,1,No,No,69,Yes,Yes,Fiber optic,Yes,No,Yes,Yes,Yes,Yes,Two year,No,Credit card (automatic),110.25,7467.55,108.22536231884058,7607.25,49-72,5,0,0,0,0.12421120063935447,correct,False
Female,0,No,No,67,No,No phone service,DSL,No,No,Yes,Yes,Yes,Yes,Month-to-month,Yes,Credit card (automatic),53.4,3579.15,53.420149253731346,3577.7999999999997,49-72,4,0,0,0,0.3784369486210201,correct,False
Female,1,No,No,20,Yes,No,Fiber optic,No,No,No,No,Yes,No,Month-to-month,No,Bank transfer (automatic),80.7,1614.2,80.71000000000001,1614.0,13-24,1,0,0,1,0.6369215583692953,false_positive,False
Female,0,Yes,Yes,25,Yes,No,No,No internet service,No internet service,No internet service,No internet service,No internet service,No internet service,Two year,Yes,Mailed check,18.7,383.65,15.345999999999998,467.5,25-48,0,0,0,0,0.04072283292629235,correct,False
Female,0,No,No,50,Yes,No,Fiber optic,No,No,Yes,Yes,No,Yes,Two year,Yes,Bank transfer (automatic),89.7,4304.5,86.09,4485.0,49-72,3,0,0,0,0.17225358694453266,correct,False
Female,0,Yes,Yes,6,Yes,Yes,DSL,No,No,No,No,No,No,Month-to-month,Yes,Credit card (automatic),48.95,273.25,45.541666666666664,293.70000000000005,0-6,0,0,0,1,0.7094065082271049,false_positive,False
Female,0,No,Yes,2,Yes,No,No,No internet service,No internet service,No internet service,No internet service,No internet service,No internet service,Month-to-month,Yes,Electronic check,19.6,35.85,17.925,39.2,0-6,0,1,1,1,0.534304622101503,correct,True
Female,0,No,No,18,Yes,No,No,No internet service,No internet service,No internet service,No internet service,No internet service,No internet service,One year,No,Mailed check,20.1,407.05,22.61388888888889,361.8,13-24,0,0,0,0,0.09014046182104571,correct,False
Female,1,No,No,2,Yes,Yes,DSL,No,Yes,No,No,No,No,Month-to-month,Yes,Credit card (automatic),56.55,118.25,59.125,113.1,0-6,1,0,0,1,0.7525159418776481,false_positive,False
Male,0,No,No,3,No,No phone service,DSL,No,No,Yes,No,Yes,No,Month-to-month,Yes,Mailed check,40.15,130.75,43.583333333333336,120.44999999999999,0-6,2,0,1,1,0.8268681867878153,correct,False
Female,0,No,Yes,9,Yes,No,DSL,No,No,No,Yes,Yes,Yes,Month-to-month,Yes,Credit card (automatic),69.4,571.45,63.49444444444445,624.6,7-12,3,0,0,1,0.531125081888875,false_positive,True
Male,0,No,No,1,Yes,No,Fiber optic,No,No,No,No,No,No,Month-to-month,Yes,Electronic check,69.9,69.9,69.9,69.9,0-6,0,1,1,1,0.8959058055035909,correct,False
Female,0,No,No,70,Yes,Yes,Fiber optic,Yes,Yes,Yes,Yes,Yes,Yes,Two year,Yes,Bank transfer (automatic),113.65,7939.25,113.41785714285714,7955.5,49-72,6,0,0,0,0.12913724469372165,correct,False
Female,0,No,No,46,Yes,Yes,Fiber optic,No,No,No,No,Yes,Yes,Month-to-month,No,Bank transfer (automatic),96.05,4399.5,95.6413043478261,4418.3,25-48,2,0,1,1,0.6000981876718662,correct,False
Female,0,No,No,15,Yes,Yes,DSL,No,No,No,No,No,No,Month-to-month,Yes,Mailed check,48.8,720.1,48.00666666666667,732.0,13-24,0,0,0,1,0.5093658738283243,false_positive,True
Female,0,No,No,53,Yes,No,No,No internet service,No internet service,No internet service,No internet service,No internet service,No internet service,Two year,No,Credit card (automatic),19.85,1049.6,19.80377358490566,1052.0500000000002,49-72,0,0,0,0,0.022224587823380316,correct,False
Female,0,No,No,1,Yes,No,DSL,No,No,No,No,No,Yes,Month-to-month,Yes,Electronic check,55.4,55.4,55.4,55.4,0-6,1,1,1,1,0.8201011317105323,correct,False
Female,0,No,No,29,Yes,No,No,No internet service,No internet service,No internet service,No internet service,No internet service,No internet service,Month-to-month,No,Credit card (automatic),19.35,601.6,20.7448275862069,561.1500000000001,25-48,0,0,0,0,0.13790032192943227,correct,False
Female,0,No,No,1,Yes,Yes,Fiber optic,No,No,No,No,No,No,Month-to-month,Yes,Electronic check,77.15,77.15,77.15,77.15,0-6,0,1,1,1,0.9159088525490966,correct,False
Male,0,No,No,69,No,No phone service,DSL,Yes,Yes,No,Yes,Yes,Yes,Two year,Yes,Bank transfer (automatic),60.05,4176.7,60.53188405797101,4143.45,49-72,5,0,0,0,0.0640062256886824,correct,False
Male,1,Yes,No,63,No,No phone service,DSL,Yes,No,No,Yes,No,No,One year,No,Bank transfer (automatic),36.1,2298.9,36.490476190476194,2274.3,49-72,2,0,0,0,0.09074234201589333,correct,False
Male,1,No,No,51,Yes,Yes,No,No internet service,No internet service,No internet service,No internet service,No internet service,No internet service,One year,No,Bank transfer (automatic),25.0,1260.7,24.719607843137254,1275.0,49-72,0,0,0,0,0.08596204060635274,correct,False
Male,0,Yes,No,64,Yes,No,Fiber optic,Yes,No,No,No,No,No,Month-to-month,Yes,Mailed check,73.55,4764.0,74.4375,4707.2,49-72,1,0,0,0,0.3593703165603063,correct,False
Female,0,Yes,Yes,52,Yes,No,Fiber optic,Yes,No,Yes,Yes,No,No,Month-to-month,Yes,Bank transfer (automatic),84.05,4326.8,83.20769230769231,4370.599999999999,49-72,3,0,0,0,0.30163392092590935,correct,False
Male,0,Yes,Yes,70,No,No phone service,DSL,Yes,No,Yes,Yes,Yes,Yes,Two year,No,Bank transfer (automatic),59.5,4144.8,59.21142857142858,4165.0,49-72,5,0,0,0,0.0446252594393318,correct,False
Male,0,Yes,Yes,9,Yes,No,DSL,No,Yes,No,Yes,No,No,Month-to-month,No,Mailed check,54.8,452.8,50.31111111111111,493.2,7-12,2,0,0,0,0.28567764605413143,correct,False
Female,0,No,No,3,Yes,No,Fiber optic,No,Yes,No,No,Yes,No,Month-to-month,No,Electronic check,83.75,247.25,82.41666666666667,251.25,0-6,2,1,1,1,0.8699574878010281,correct,False
Male,0,Yes,No,70,Yes,Yes,DSL,Yes,No,Yes,Yes,No,Yes,Two year,Yes,Credit card (automatic),74.8,5315.8,75.94,5236.0,49-72,4,0,0,0,0.05132840477899078,correct,False
Male,0,No,No,21,Yes,Yes,Fiber optic,No,No,No,No,No,Yes,Month-to-month,Yes,Electronic check,84.1,1737.45,82.7357142857143,1766.1,13-24,1,1,0,1,0.8204880895253709,false_positive,False
Female,1,No,No,5,Yes,No,Fiber optic,No,No,Yes,No,No,No,Month-to-month,Yes,Credit card (automatic),75.55,349.65,69.92999999999999,377.75,0-6,1,0,1,1,0.8600990188569202,correct,False
Male,0,No,No,20,Yes,No,Fiber optic,Yes,Yes,Yes,Yes,Yes,Yes,Month-to-month,Yes,Bank transfer (automatic),108.2,2203.7,110.18499999999999,2164.0,13-24,6,0,0,1,0.5920584563440965,false_positive,True
Female,1,Yes,No,72,Yes,Yes,Fiber optic,Yes,No,Yes,Yes,Yes,Yes,Two year,Yes,Mailed check,109.75,8075.35,112.1576388888889,7902.0,49-72,5,0,0,0,0.1641030190594453,correct,False
Male,0,Yes,Yes,72,Yes,No,No,No internet service,No internet service,No internet service,No internet service,No internet service,No internet service,Two year,No,Bank transfer (automatic),20.3,1401.15,19.460416666666667,1461.6000000000001,49-72,0,0,0,0,0.012116063056363969,correct,False
Female,1,No,No,2,Yes,No,Fiber optic,No,No,No,No,No,No,Month-to-month,Yes,Electronic check,70.65,142.35,71.175,141.3,0-6,0,1,1,1,0.9036205057618185,correct,False
Female,0,Yes,Yes,23,Yes,No,Fiber optic,No,No,Yes,No,No,No,Month-to-month,Yes,Credit card (automatic),75.3,1702.9,74.0391304347826,1731.8999999999999,13-24,1,0,0,1,0.5611468729608345,false_positive,True
Female,0,No,No,4,Yes,No,No,No internet service,No internet service,No internet service,No internet service,No internet service,No internet service,Month-to-month,No,Bank transfer (automatic),20.95,85.5,21.375,83.8,0-6,0,0,1,0,0.38706922738826627,false_negative,False
Male,0,No,No,32,Yes,Yes,Fiber optic,No,Yes,No,No,No,No,Month-to-month,Yes,Bank transfer (automatic),80.35,2596.15,81.1296875,2571.2,25-48,1,0,1,1,0.5931358386255277,correct,True
Female,0,No,No,36,Yes,Yes,DSL,Yes,No,Yes,Yes,Yes,Yes,One year,Yes,Credit card (automatic),89.65,3348.1,93.00277777777778,3227.4,25-48,5,0,0,0,0.20389800766088723,correct,False
Male,0,No,No,24,Yes,No,DSL,No,Yes,No,No,No,No,Month-to-month,Yes,Mailed check,49.7,1218.25,50.760416666666664,1192.8000000000002,13-24,1,0,0,0,0.3484967063463339,correct,False
Male,0,No,No,6,Yes,No,DSL,No,No,No,Yes,No,No,Month-to-month,Yes,Credit card (automatic),49.5,312.7,52.11666666666667,297.0,0-6,1,0,0,1,0.6160087113085642,false_positive,False
Male,0,Yes,Yes,23,Yes,Yes,DSL,No,Yes,No,Yes,No,No,Two year,No,Mailed check,59.7,1414.2,61.48695652173913,1373.1000000000001,13-24,2,0,0,0,0.06248313621156128,correct,False
Female,0,Yes,Yes,48,Yes,No,No,No internet service,No internet service,No internet service,No internet service,No internet service,No internet service,Two year,No,Bank transfer (automatic),20.65,1057.0,22.020833333333332,991.1999999999999,25-48,0,0,0,0,0.0160748320741356,correct,False
Female,0,No,No,28,Yes,Yes,DSL,No,No,No,Yes,No,No,Month-to-month,Yes,Credit card (automatic),54.9,1505.15,53.75535714285714,1537.2,25-48,1,0,0,0,0.35569178234427967,correct,False
Male,1,No,No,52,No,No phone service,DSL,No,Yes,No,No,Yes,Yes,Month-to-month,Yes,Electronic check,49.15,2550.9,49.05576923076923,2555.7999999999997,49-72,3,1,1,1,0.6319142181152781,correct,False
Female,0,No,No,3,Yes,Yes,Fiber optic,No,No,No,No,No,No,Month-to-month,Yes,Electronic check,74.95,212.4,70.8,224.85000000000002,0-6,0,1,0,1,0.9163281025621601,false_positive,False
Female,0,No,No,2,Yes,No,Fiber optic,No,No,No,No,No,Yes,Month-to-month,No,Electronic check,80.55,184.1,92.05,161.1,0-6,1,1,1,1,0.8847704361103902,correct,False
Male,0,No,No,4,Yes,No,No,No internet service,No internet service,No internet service,No internet service,No internet service,No internet service,One year,No,Mailed check,19.95,68.2,17.05,79.8,0-6,0,0,0,0,0.24533516050256982,correct,False
Male,0,No,No,5,Yes,No,Fiber optic,No,No,No,No,No,No,Month-to-month,Yes,Electronic check,69.7,316.9,63.379999999999995,348.5,0-6,0,1,1,1,0.8878763902849973,correct,False
Female,1,No,No,1,Yes,No,Fiber optic,No,No,No,No,No,No,Month-to-month,Yes,Electronic check,69.6,69.6,69.6,69.6,0-6,0,1,1,1,0.9076576475041428,correct,False
Male,0,Yes,Yes,66,Yes,No,No,No internet service,No internet service,No internet service,No internet service,No internet service,No internet service,Two year,Yes,Mailed check,19.75,1344.5,20.37121212121212,1303.5,49-72,0,0,0,0,0.020110946444547195,correct,False
Female,0,Yes,No,52,Yes,Yes,Fiber optic,No,Yes,No,Yes,Yes,Yes,Month-to-month,Yes,Credit card (automatic),102.7,5138.1,98.8096153846154,5340.400000000001,49-72,4,0,0,1,0.6348403482597211,false_positive,False
Female,0,No,No,1,No,No phone service,DSL,No,No,No,No,No,No,Month-to-month,No,Electronic check,24.6,24.6,24.6,24.6,0-6,0,1,1,1,0.7885729301277843,correct,False
Male,0,No,No,35,Yes,No,Fiber optic,Yes,No,No,Yes,No,Yes,One year,Yes,Electronic check,89.2,3251.3,92.89428571428572,3122.0,25-48,3,1,0,0,0.37130061131775177,correct,False
Male,0,Yes,No,3,Yes,No,DSL,No,No,Yes,Yes,No,No,Month-to-month,Yes,Mailed check,55.8,154.55,51.51666666666667,167.39999999999998,0-6,2,0,0,1,0.638562536028239,false_positive,False
Female,1,No,No,66,Yes,Yes,Fiber optic,No,No,Yes,Yes,Yes,Yes,One year,Yes,Credit card (automatic),102.85,6976.75,105.70833333333333,6788.099999999999,49-72,4,0,0,0,0.438773497865234,correct,True
Female,0,No,No,59,Yes,Yes,DSL,Yes,No,No,Yes,No,Yes,One year,No,Bank transfer (automatic),68.7,4070.95,68.99915254237288,4053.3,49-72,3,0,0,0,0.10035574878705272,correct,False
Male,0,Yes,Yes,52,Yes,Yes,No,No internet service,No internet service,No internet service,No internet service,No internet service,No internet service,Two year,No,Mailed check,25.75,1345.85,25.881730769230767,1339.0,49-72,0,0,0,0,0.02651043067234232,correct,False
Female,0,No,No,8,Yes,Yes,Fiber optic,No,No,No,No,No,No,Month-to-month,Yes,Electronic check,73.5,632.2,79.025,588.0,7-12,0,1,0,1,0.8377046980285339,false_positive,False
Female,0,No,No,5,Yes,Yes,DSL,Yes,No,No,No,No,No,Month-to-month,Yes,Electronic check,53.8,283.95,56.79,269.0,0-6,1,1,0,1,0.7492035483399561,false_positive,False
Male,0,No,No,4,No,No phone service,DSL,No,No,No,No,Yes,Yes,Month-to-month,Yes,Electronic check,44.55,174.3,43.575,178.2,0-6,2,1,1,1,0.9035147776266439,correct,False
Male,0,Yes,Yes,50,Yes,Yes,DSL,Yes,No,No,Yes,Yes,No,Two year,Yes,Credit card (automatic),70.5,3486.65,69.733,3525.0,49-72,3,0,0,0,0.06280022454117055,correct,False
Male,0,Yes,Yes,62,Yes,No,Fiber optic,Yes,Yes,Yes,Yes,Yes,Yes,Two year,No,Mailed check,108.15,6825.65,110.09112903225805,6705.3,49-72,6,0,0,0,0.0756130899986286,correct,False
Female,0,No,No,61,Yes,No,No,No internet service,No internet service,No internet service,No internet service,No internet service,No internet service,One year,No,Bank transfer (automatic),19.45,1336.35,21.907377049180326,1186.45,49-72,0,0,0,0,0.04308985538845047,correct,False
Male,0,Yes,Yes,55,Yes,Yes,Fiber optic,No,No,No,No,No,Yes,Month-to-month,No,Bank transfer (automatic),85.5,4713.4,85.69818181818181,4702.5,49-72,1,0,0,1,0.5041462761290861,false_positive,True
Male,0,No,No,5,Yes,No,No,No internet service,No internet service,No internet service,No internet service,No internet service,No internet service,Month-to-month,No,Credit card (automatic),20.05,95.55,19.11,100.25,0-6,0,0,0,0,0.397298877091509,correct,False
Female,0,Yes,Yes,35,Yes,No,DSL,Yes,No,No,Yes,No,No,One year,Yes,Bank transfer (automatic),54.95,1916.0,54.74285714285714,1923.25,25-48,2,0,0,0,0.08646086048622119,correct,False
Male,0,No,Yes,22,Yes,Yes,Fiber optic,No,Yes,No,No,Yes,No,Month-to-month,Yes,Credit card (automatic),89.1,1949.4,88.60909090909091,1960.1999999999998,13-24,2,0,0,1,0.6786405733303841,false_positive,False
Male,0,No,No,57,No,No phone service,DSL,No,No,Yes,Yes,Yes,Yes,Two year,No,Credit card (automatic),53.35,3090.05,54.21140350877193,3040.9500000000003,49-72,4,0,0,0,0.10091831044152992,correct,False
Male,1,Yes,No,57,Yes,Yes,Fiber optic,No,Yes,Yes,No,No,Yes,Month-to-month,Yes,Bank transfer (automatic),95.25,5427.05,95.21140350877194,5429.25,49-72,3,0,1,1,0.6362220189016445,correct,False
Female,0,Yes,No,64,Yes,No,No,No internet service,No internet service,No internet service,No internet service,No internet service,No internet service,Two year,No,Credit card (automatic),19.45,1225.65,19.15078125,1244.8,49-72,0,0,0,0,0.017999799288802715,correct,False
Female,0,No,No,26,Yes,No,Fiber optic,Yes,No,Yes,Yes,No,Yes,One year,Yes,Bank transfer (automatic),95.85,2475.35,95.20576923076922,2492.1,25-48,4,0,0,0,0.320393013579333,correct,False
Female,1,Yes,No,39,Yes,No,Fiber optic,Yes,Yes,No,No,Yes,Yes,One year,No,Mailed check,99.1,3877.95,99.43461538461538,3864.8999999999996,25-48,4,0,0,0,0.32536285710061214,correct,False
Female,0,Yes,No,19,Yes,No,DSL,No,Yes,No,No,No,Yes,Month-to-month,Yes,Mailed check,59.8,1130.85,59.518421052631574,1136.2,13-24,2,0,0,0,0.45435809106452313,correct,True
Male,0,Yes,No,31,Yes,Yes,Fiber optic,No,Yes,Yes,No,Yes,No,Month-to-month,No,Electronic check,93.8,3019.5,97.40322580645162,2907.7999999999997,25-48,3,1,1,1,0.6912160720738816,correct,False
Female,0,Yes,Yes,6,Yes,No,No,No internet service,No internet service,No internet service,No internet service,No internet service,No internet service,Month-to-month,No,Mailed check,19.85,119.3,19.883333333333333,119.10000000000001,0-6,0,0,0,0,0.34445914944021483,correct,False
Male,0,No,No,52,Yes,Yes,Fiber optic,No,No,Yes,No,No,Yes,Two year,Yes,Credit card (automatic),89.45,4577.75,88.03365384615384,4651.400000000001,49-72,2,0,0,0,0.27668710751145315,correct,False
Male,0,Yes,Yes,53,Yes,Yes,DSL,Yes,No,Yes,Yes,Yes,Yes,Month-to-month,No,Electronic check,85.7,4616.1,87.09622641509435,4542.1,49-72,5,1,0,0,0.3063479700774365,correct,False
Female,1,No,No,56,Yes,Yes,Fiber optic,No,Yes,Yes,Yes,Yes,Yes,One year,Yes,Electronic check,111.95,6418.9,114.62321428571428,6269.2,49-72,5,1,1,1,0.531567616838032,correct,True
Male,0,Yes,Yes,56,Yes,Yes,DSL,Yes,Yes,No,Yes,No,Yes,Two year,Yes,Credit card (automatic),75.85,4261.2,76.09285714285714,4247.599999999999,49-72,4,0,0,0,0.04879585538176143,correct,False
Male,0,Yes,Yes,49,Yes,Yes,Fiber optic,No,No,Yes,No,Yes,Yes,Month-to-month,Yes,Electronic check,99.8,4872.45,99.43775510204081,4890.2,49-72,3,1,1,1,0.76942464241062,correct,False
Male,0,No,Yes,39,Yes,Yes,No,No internet service,No internet service,No internet service,No internet service,No internet service,No internet service,Two year,No,Mailed check,25.0,1004.35,25.752564102564104,975.0,25-48,0,0,0,0,0.027599008607038088,correct,False
Female,0,Yes,Yes,61,Yes,Yes,Fiber optic,No,Yes,No,No,Yes,Yes,Month-to-month,Yes,Electronic check,99.15,6010.05,98.52540983606558,6048.150000000001,49-72,3,1,1,1,0.6796864102801229,correct,False
Female,0,Yes,No,43,No,No phone service,DSL,Yes,No,No,Yes,No,No,Month-to-month,No,Bank transfer (automatic),34.0,1505.35,35.00813953488372,1462.0,25-48,2,0,0,0,0.18457050146271967,correct,False
Female,0,No,No,5,Yes,No,No,No internet service,No internet service,No internet service,No internet service,No internet service,No internet service,One year,No,Electronic check,19.55,99.6,19.919999999999998,97.75,0-6,0,1,0,0,0.30876135362471996,correct,False
Female,0,No,No,11,Yes,No,No,No internet service,No internet service,No internet service,No internet service,No internet service,No internet service,Month-to-month,No,Bank transfer (automatic),20.3,246.3,22.39090909090909,223.3,7-12,0,0,0,0,0.2194703350734946,correct,False
Male,0,No,No,2,Yes,Yes,No,No internet service,No internet service,No internet service,No internet service,No internet service,No internet service,Month-to-month,No,Mailed check,24.85,62.0,31.0,49.7,0-6,0,0,0,0,0.49166921651517853,correct,True
Female,0,No,No,13,Yes,Yes,Fiber optic,Yes,Yes,No,No,Yes,No,Month-to-month,Yes,Electronic check,96.65,1244.5,95.73076923076923,1256.45,13-24,3,1,1,1,0.7491613888792547,correct,False
Male,0,Yes,Yes,72,Yes,Yes,DSL,Yes,Yes,Yes,Yes,No,Yes,Two year,No,Credit card (automatic),81.0,5750.0,79.86111111111111,5832.0,49-72,5,0,0,0,0.024334587356437332,correct,False
Female,1,No,No,46,Yes,Yes,DSL,No,No,Yes,Yes,No,Yes,One year,Yes,Credit card (automatic),69.1,3255.35,70.76847826086956,3178.6,25-48,3,0,0,0,0.22196229333333992,correct,False
Male,0,Yes,No,71,Yes,Yes,Fiber optic,Yes,No,Yes,Yes,Yes,Yes,Two year,Yes,Credit card (automatic),108.55,7616.0,107.26760563380282,7707.05,49-72,5,0,0,0,0.15402706524428034,correct,False
Female,0,No,No,36,Yes,No,Fiber optic,No,No,Yes,Yes,No,Yes,Month-to-month,Yes,Electronic check,87.55,3078.1,85.50277777777778,3151.7999999999997,25-48,3,1,1,1,0.6358012659383182,correct,False
Male,0,Yes,No,64,Yes,Yes,Fiber optic,Yes,No,Yes,Yes,Yes,Yes,One year,Yes,Mailed check,108.5,6880.85,107.51328125,6944.0,49-72,5,0,0,0,0.34113046743849174,correct,False
Female,0,No,No,1,Yes,No,Fiber optic,Yes,No,No,No,No,No,Month-to-month,No,Mailed check,75.3,75.3,75.3,75.3,0-6,1,0,1,1,0.7381122057114131,correct,False
Female,0,Yes,No,15,Yes,No,Fiber optic,No,No,Yes,No,Yes,No,Month-to-month,Yes,Electronic check,84.3,1308.4,87.22666666666667,1264.5,13-24,2,1,1,1,0.7900403598568124,correct,False
Male,0,Yes,No,36,Yes,No,No,No internet service,No internet service,No internet service,No internet service,No internet service,No internet service,One year,No,Mailed check,20.0,666.75,18.520833333333332,720.0,25-48,0,0,0,0,0.06439644230240832,correct,False
Female,0,Yes,Yes,6,No,No phone service,DSL,No,Yes,Yes,Yes,No,No,Two year,No,Mailed check,40.55,217.5,36.25,243.29999999999998,0-6,3,0,0,0,0.19799268910852966,correct,False
Male,0,Yes,No,30,Yes,No,DSL,No,No,Yes,No,No,No,Month-to-month,Yes,Mailed check,50.0,1474.9,49.163333333333334,1500.0,25-48,1,0,0,0,0.3555920248441184,correct,False
Male,0,No,No,1,Yes,Yes,DSL,No,No,No,No,Yes,No,Month-to-month,Yes,Electronic check,59.85,59.85,59.85,59.85,0-6,1,1,1,1,0.8644656395399066,correct,False
Male,0,No,No,13,Yes,No,Fiber optic,No,No,No,No,No,Yes,Month-to-month,Yes,Electronic check,80.85,1008.7,77.5923076923077,1051.05,13-24,1,1,1,1,0.7950924822420061,correct,False
Male,0,Yes,Yes,61,Yes,No,No,No internet service,No internet service,No internet service,No internet service,No internet service,No internet service,One year,No,Mailed check,20.4,1226.45,20.105737704918035,1244.3999999999999,49-72,0,0,0,0,0.03738362230169534,correct,False
Male,0,Yes,Yes,72,Yes,Yes,Fiber optic,Yes,Yes,No,Yes,Yes,Yes,Two year,Yes,Credit card (automatic),107.7,7919.8,109.99722222222222,7754.400000000001,49-72,5,0,0,0,0.11191649642229491,correct,False
Female,0,Yes,Yes,67,Yes,Yes,DSL,Yes,Yes,No,Yes,Yes,No,Two year,No,Credit card (automatic),74.0,4868.4,72.66268656716417,4958.0,49-72,4,0,0,0,0.026697305213786455,correct,False
Female,0,No,No,34,Yes,No,DSL,Yes,No,Yes,Yes,Yes,Yes,One year,Yes,Bank transfer (automatic),79.95,2727.3,80.21470588235294,2718.3,25-48,5,0,0,0,0.17631505706844955,correct,False
Female,0,Yes,No,72,Yes,No,No,No internet service,No internet service,No internet service,No internet service,No internet service,No internet service,Two year,No,Credit card (automatic),20.5,1502.25,20.864583333333332,1476.0,49-72,0,0,0,0,0.014584962674490476,correct,False
Male,0,Yes,No,46,Yes,No,DSL,Yes,Yes,Yes,Yes,No,No,Two year,No,Mailed check,65.65,3047.15,66.24239130434783,3019.9,25-48,4,0,0,0,0.02319210650277366,correct,False
Female,0,No,No,7,Yes,Yes,Fiber optic,No,No,No,No,No,No,Month-to-month,Yes,Bank transfer (automatic),75.1,552.95,78.99285714285715,525.6999999999999,7-12,0,0,1,1,0.7774195492036157,correct,False
Female,1,No,No,7,Yes,No,Fiber optic,Yes,No,No,No,No,No,Month-to-month,No,Bank transfer (automatic),76.45,503.6,71.94285714285715,535.15,7-12,1,0,1,1,0.5905121991444581,correct,True
Male,0,Yes,No,72,Yes,Yes,DSL,Yes,Yes,Yes,Yes,No,No,Two year,Yes,Bank transfer (automatic),67.8,4804.65,66.73124999999999,4881.599999999999,49-72,4,0,0,0,0.032419190578995116,correct,False
Female,0,Yes,Yes,32,Yes,No,Fiber optic,No,Yes,No,No,Yes,No,Month-to-month,Yes,Electronic check,86.1,2723.75,85.1171875,2755.2,25-48,2,1,0,1,0.625684904315022,false_positive,False
Male,0,No,No,39,Yes,Yes,DSL,No,No,No,Yes,No,No,Two year,Yes,Credit card (automatic),53.85,2200.7,56.42820512820512,2100.15,25-48,1,0,0,0,0.08189215407519834,correct,False
Male,0,Yes,Yes,47,Yes,No,Fiber optic,Yes,Yes,Yes,No,No,Yes,One year,Yes,Electronic check,96.1,4391.45,93.43510638297872,4516.7,25-48,4,1,0,0,0.2960505464507221,correct,False
Female,1,Yes,No,50,Yes,Yes,Fiber optic,No,Yes,Yes,No,Yes,No,Month-to-month,Yes,Electronic check,95.05,4888.7,97.774,4752.5,49-72,3,1,1,1,0.7409537415460287,correct,False
Male,0,Yes,Yes,58,Yes,No,No,No internet service,No internet service,No internet service,No internet service,No internet service,No internet service,One year,Yes,Electronic check,19.55,1108.8,19.117241379310343,1133.9,49-72,0,1,0,0,0.08006028034389803,correct,False
Female,0,No,No,41,Yes,Yes,Fiber optic,Yes,No,No,No,No,No,Month-to-month,Yes,Credit card (automatic),81.3,3190.65,77.82073170731708,3333.2999999999997,25-48,1,0,0,0,0.4778451984100674,correct,True
Female,1,Yes,No,4,Yes,Yes,Fiber optic,No,No,No,No,Yes,No,Month-to-month,Yes,Electronic check,83.25,308.05,77.0125,333.0,0-6,1,1,0,1,0.9477937646641442,false_positive,False
Female,0,Yes,Yes,32,Yes,No,DSL,Yes,Yes,No,Yes,No,No,Month-to-month,No,Bank transfer (automatic),61.4,1864.65,58.2703125,1964.8,25-48,3,0,0,0,0.11183813622992864,correct,False
Male,0,No,No,1,Yes,No,No,No internet service,No internet service,No internet service,No internet service,No internet service,No internet service,Month-to-month,No,Credit card (automatic),20.75,20.75,20.75,20.75,0-6,0,0,0,0,0.4164083753618759,correct,True
Male,0,No,No,19,Yes,No,No,No internet service,No internet service,No internet service,No internet service,No internet service,No internet service,Two year,No,Mailed check,19.65,358.15,18.849999999999998,373.34999999999997,13-24,0,0,0,0,0.04029002480917136,correct,False
Female,1,Yes,No,62,Yes,Yes,Fiber optic,Yes,No,Yes,No,Yes,Yes,One year,Yes,Electronic check,104.85,6312.9,101.82096774193548,6500.7,49-72,4,1,0,1,0.5358547655976654,false_positive,True
Female,0,No,No,1,Yes,No,DSL,No,No,Yes,Yes,Yes,Yes,One year,No,Credit card (automatic),74.1,74.1,74.1,74.1,0-6,4,0,0,1,0.5265718264327931,false_positive,True
Female,0,No,No,12,Yes,Yes,DSL,Yes,No,Yes,Yes,No,No,Month-to-month,Yes,Mailed check,61.65,713.75,59.479166666666664,739.8,7-12,3,0,1,0,0.4196960187196003,false_negative,True
Female,0,Yes,No,48,No,No phone service,DSL,Yes,No,Yes,No,No,Yes,Month-to-month,Yes,Bank transfer (automatic),45.3,2145.0,44.6875,2174.3999999999996,25-48,3,0,1,0,0.3388263144461864,false_negative,False
Female,0,No,Yes,3,Yes,No,DSL,Yes,No,No,Yes,No,Yes,Month-to-month,Yes,Bank transfer (automatic),64.5,177.4,59.13333333333333,193.5,0-6,3,0,0,1,0.5634855169606122,false_positive,True
Female,0,Yes,No,40,Yes,Yes,Fiber optic,No,No,No,Yes,No,No,Month-to-month,Yes,Credit card (automatic),78.85,3126.85,78.17125,3154.0,25-48,1,0,0,1,0.5236897995777733,false_positive,True
Male,0,No,No,19,No,No phone service,DSL,No,No,No,No,No,No,Month-to-month,Yes,Bank transfer (automatic),25.15,468.35,24.650000000000002,477.84999999999997,13-24,0,0,0,1,0.5154075109324573,false_positive,True
Female,0,No,No,1,Yes,No,Fiber optic,No,No,No,No,No,No,Month-to-month,Yes,Electronic check,70.25,70.25,70.25,70.25,0-6,0,1,1,1,0.8921155042427161,correct,False
Female,0,Yes,Yes,67,Yes,Yes,No,No internet service,No internet service,No internet service,No internet service,No internet service,No internet service,Two year,Yes,Mailed check,24.9,1680.25,25.078358208955223,1668.3,49-72,0,0,0,0,0.025892418462200917,correct,False
Female,0,Yes,Yes,16,Yes,No,Fiber optic,Yes,No,Yes,No,Yes,Yes,Month-to-month,No,Bank transfer (automatic),100.7,1522.7,95.16875,1611.2,13-24,4,0,0,1,0.5741224514778476,false_positive,True
Female,0,No,No,1,Yes,No,No,No internet service,No internet service,No internet service,No internet service,No internet service,No internet service,Month-to-month,Yes,Mailed check,19.55,19.55,19.55,19.55,0-6,0,0,0,1,0.5007154991828104,false_positive,True
Female,0,No,Yes,21,No,No phone service,DSL,Yes,Yes,Yes,Yes,Yes,No,Two year,No,Mailed check,53.15,1183.2,56.34285714285714,1116.1499999999999,13-24,5,0,0,0,0.06733017907120989,correct,False
Female,1,Yes,Yes,29,No,No phone service,DSL,No,Yes,Yes,No,No,No,Month-to-month,Yes,Mailed check,35.65,1025.15,35.35,1033.85,25-48,2,0,0,0,0.40904003506289965,correct,True
Male,1,Yes,Yes,20,Yes,No,Fiber optic,Yes,No,Yes,Yes,No,Yes,One year,No,Credit card (automatic),94.3,1818.3,90.91499999999999,1886.0,13-24,4,0,0,0,0.29339386936806344,correct,False
Female,0,Yes,No,13,Yes,Yes,Fiber optic,No,Yes,Yes,No,Yes,No,Month-to-month,No,Electronic check,94.1,1215.6,93.5076923076923,1223.3,13-24,3,1,1,1,0.7697125890395135,correct,False
Male,0,Yes,Yes,9,No,No phone service,DSL,No,Yes,No,No,No,No,Month-to-month,Yes,Electronic check,29.95,248.95,27.66111111111111,269.55,7-12,1,1,1,1,0.6295517936758991,correct,False
Male,0,Yes,No,51,Yes,No,DSL,Yes,Yes,Yes,Yes,Yes,Yes,Two year,Yes,Credit card (automatic),83.25,4089.45,80.18529411764706,4245.75,49-72,6,0,0,0,0.06927132111311703,correct,False
Male,0,Yes,Yes,60,Yes,No,DSL,Yes,Yes,No,Yes,Yes,Yes,Month-to-month,Yes,Credit card (automatic),79.05,4663.4,77.72333333333333,4743.0,49-72,5,0,0,0,0.1922649656598194,correct,False
Female,1,No,No,20,Yes,Yes,Fiber optic,Yes,No,No,No,No,No,Month-to-month,Yes,Electronic check,79.15,1520.9,76.045,1583.0,13-24,1,1,1,1,0.7298391463153512,correct,False
Male,0,No,No,9,No,No phone service,DSL,No,No,No,No,Yes,No,Month-to-month,Yes,Credit card (automatic),34.7,296.1,32.900000000000006,312.3,7-12,1,0,1,1,0.684678845365199,correct,False
Female,1,Yes,No,8,Yes,Yes,Fiber optic,No,Yes,No,No,No,No,Month-to-month,Yes,Credit card (automatic),80.65,633.3,79.1625,645.2,7-12,1,0,1,1,0.7839181020470064,correct,False
Male,0,Yes,No,63,Yes,Yes,DSL,No,No,Yes,Yes,Yes,Yes,Two year,No,Credit card (automatic),79.8,5034.05,79.90555555555555,5027.4,49-72,4,0,0,0,0.07965933962578355,correct,False
Female,0,Yes,Yes,10,Yes,No,DSL,No,Yes,Yes,No,No,Yes,One year,Yes,Mailed check,65.9,660.05,66.005,659.0,7-12,3,0,0,0,0.3157924020046783,correct,False
Female,0,No,No,3,Yes,No,DSL,No,No,Yes,No,Yes,Yes,One year,Yes,Electronic check,69.95,220.45,73.48333333333333,209.85000000000002,0-6,3,1,0,1,0.7390424990398526,false_positive,False
Male,0,Yes,Yes,44,Yes,No,No,No internet service,No internet service,No internet service,No internet service,No internet service,No internet service,One year,No,Bank transfer (automatic),20.6,926.0,21.045454545454547,906.4000000000001,25-48,0,0,0,0,0.04290312820227213,correct,False
Male,0,Yes,Yes,8,Yes,No,DSL,Yes,No,No,No,No,No,Month-to-month,Yes,Credit card (automatic),51.3,411.6,51.45,410.4,7-12,1,0,0,0,0.3757318987850032,correct,False
Male,0,Yes,Yes,61,Yes,Yes,Fiber optic,Yes,Yes,No,No,Yes,Yes,One year,Yes,Electronic check,106.0,6547.7,107.33934426229509,6466.0,49-72,4,1,1,0,0.41403030947206165,false_negative,True
Female,0,Yes,Yes,43,Yes,Yes,Fiber optic,No,No,Yes,No,Yes,Yes,Month-to-month,Yes,Bank transfer (automatic),99.3,4209.95,97.90581395348836,4269.9,25-48,3,0,0,1,0.6679374280190413,false_positive,False
Male,0,Yes,No,43,Yes,No,DSL,No,No,No,No,Yes,No,One year,Yes,Mailed check,56.35,2391.15,55.608139534883726,2423.05,25-48,1,0,0,0,0.2006397394221812,correct,False
Female,0,No,No,5,Yes,Yes,DSL,No,No,No,No,No,No,Month-to-month,Yes,Mailed check,50.6,249.95,49.989999999999995,253.0,0-6,0,0,1,1,0.7405026468493066,correct,False
Male,0,Yes,Yes,29,Yes,Yes,DSL,Yes,No,No,Yes,Yes,No,One year,No,Bank transfer (automatic),69.05,1958.45,67.53275862068966,2002.4499999999998,25-48,3,0,0,0,0.13017234000152428,correct,False
Male,1,Yes,No,54,Yes,Yes,Fiber optic,No,No,Yes,No,Yes,Yes,Month-to-month,Yes,Credit card (automatic),99.05,5295.7,98.06851851851852,5348.7,49-72,3,0,0,1,0.7513163501412572,false_positive,False
Male,0,Yes,No,50,Yes,Yes,Fiber optic,No,Yes,No,No,Yes,Yes,One year,Yes,Electronic check,98.25,4858.7,97.17399999999999,4912.5,49-72,3,1,0,1,0.6322169083923986,false_positive,False
Female,0,No,No,68,Yes,Yes,DSL,Yes,Yes,Yes,Yes,Yes,Yes,Two year,Yes,Electronic check,88.15,6148.45,90.41838235294118,5994.200000000001,49-72,6,1,0,0,0.08430996472007744,correct,False
Female,1,Yes,Yes,1,Yes,No,Fiber optic,No,No,No,No,No,No,Month-to-month,Yes,Electronic check,69.25,69.25,69.25,69.25,0-6,0,1,1,1,0.8928725766954286,correct,False
Female,0,Yes,Yes,72,Yes,No,Fiber optic,Yes,Yes,Yes,Yes,Yes,Yes,Two year,Yes,Bank transfer (automatic),108.3,7679.65,106.66180555555555,7797.599999999999,49-72,6,0,0,0,0.08026152283949486,correct,False
Female,0,No,No,55,Yes,Yes,Fiber optic,No,No,No,No,No,No,Month-to-month,Yes,Electronic check,73.1,4144.9,75.36181818181818,4020.4999999999995,49-72,0,1,0,1,0.6496657325435453,false_positive,False
Male,0,No,No,3,Yes,No,Fiber optic,No,No,No,No,No,No,Month-to-month,Yes,Mailed check,70.3,220.4,73.46666666666667,210.89999999999998,0-6,0,0,0,1,0.848594023321522,false_positive,False
Male,0,No,No,1,Yes,No,No,No internet service,No internet service,No internet service,No internet service,No internet service,No internet service,Month-to-month,No,Mailed check,19.05,19.05,19.05,19.05,0-6,0,0,0,0,0.4251611650815772,correct,True
Female,0,Yes,Yes,7,Yes,No,No,No internet service,No internet service,No internet service,No internet service,No internet service,No internet service,Two year,No,Mailed check,19.85,144.15,20.592857142857145,138.95000000000002,7-12,0,0,0,0,0.05037342575275391,correct,False
Male,1,No,No,9,Yes,Yes,Fiber optic,No,No,No,No,No,Yes,Month-to-month,Yes,Credit card (automatic),84.4,732.5,81.38888888888889,759.6,7-12,1,0,1,1,0.8517203448209597,correct,False
Male,0,No,No,37,No,No phone service,DSL,No,No,No,No,Yes,No,Two year,No,Credit card (automatic),35.8,1316.9,35.5918918918919,1324.6,25-48,1,0,0,0,0.11418081372225436,correct,False
Male,0,Yes,Yes,62,Yes,No,DSL,Yes,Yes,Yes,Yes,Yes,Yes,Two year,No,Electronic check,86.1,5215.25,84.11693548387096,5338.2,49-72,6,1,0,0,0.042609518546089076,correct,False
Female,0,Yes,Yes,56,Yes,No,DSL,Yes,Yes,Yes,No,No,No,Two year,Yes,Credit card (automatic),61.3,3346.8,59.76428571428572,3432.7999999999997,49-72,3,0,0,0,0.03383098555543334,correct,False
Female,0,Yes,Yes,27,Yes,Yes,No,No internet service,No internet service,No internet service,No internet service,No internet service,No internet service,Two year,No,Electronic check,24.5,761.95,28.22037037037037,661.5,25-48,0,1,0,0,0.0525705253290809,correct,False
Female,0,Yes,Yes,49,Yes,No,DSL,Yes,Yes,Yes,Yes,Yes,Yes,One year,Yes,Mailed check,87.2,4345.0,88.6734693877551,4272.8,49-72,6,0,0,0,0.11888003805715824,correct,False
Male,0,Yes,Yes,28,Yes,No,No,No internet service,No internet service,No internet service,No internet service,No internet service,No internet service,Two year,Yes,Credit card (automatic),20.3,487.95,17.426785714285714,568.4,25-48,0,0,0,0,0.03794941793361119,correct,False
Male,0,No,No,5,Yes,No,No,No internet service,No internet service,No internet service,No internet service,No internet service,No internet service,Month-to-month,No,Bank transfer (automatic),20.65,93.55,18.71,103.25,0-6,0,0,0,0,0.3912847025150653,correct,False
Female,0,No,No,56,Yes,No,No,No internet service,No internet service,No internet service,No internet service,No internet service,No internet service,Two year,No,Bank transfer (automatic),19.7,1051.9,18.78392857142857,1103.2,49-72,0,0,0,0,0.02052332798913966,correct,False
Female,0,Yes,Yes,72,Yes,Yes,DSL,Yes,Yes,Yes,Yes,No,No,Two year,Yes,Bank transfer (automatic),70.45,5165.7,71.74583333333334,5072.400000000001,49-72,4,0,0,0,0.024191803676121053,correct,False
